10.0, -15957.05379785494
10.02, -15849.374496294084
10.04, -15742.044016992979
10.06, -15635.061581986403
10.08, -15528.42641450523
10.1, -15422.137738975158
10.12, -15316.194781015642
10.14, -15210.596767438692
10.16, -15105.3429262477
10.18, -15000.432486636419
10.2, -14895.864678987564
10.22, -14791.638734871944
10.24, -14687.753887047103
10.26, -14584.20936945625
10.28, -14481.004417227086
10.3, -14378.138266670736
10.32, -14275.610155280461
10.34, -14173.419321730602
10.36, -14071.565005875396
10.38, -13970.04644874786
10.4, -13868.862892558653
10.42, -13768.013580694853
10.44, -13667.497757718913
10.46, -13567.314669367363
10.48, -13467.463562549892
10.5, -13367.943685348058
10.52, -13268.754287014046
10.54, -13169.894617969767
10.56, -13071.363929805535
10.58, -12973.16147527902
10.6, -12875.286508314006
10.62, -12777.73828399941
10.64, -12680.51605858792
10.66, -12583.619089495056
10.68, -12487.046635297942
10.7, -12390.79795573416
10.72, -12294.872311700616
10.74, -12199.268965252457
10.76, -12103.987179601885
10.78, -12009.026219116975
10.8, -11914.38534932064
10.82, -11820.063836889429
10.84, -11726.060949652412
10.86, -11632.37595659004
10.88, -11539.008127833004
10.9, -11445.9567346611
10.92, -11353.221049502128
10.94, -11260.800345930751
10.96, -11168.693898667276
10.98, -11076.900983576706
11.0, -10985.420877667348
11.02, -10894.252859090033
11.04, -10803.396207136568
11.06, -10712.850202238973
11.08, -10622.61412596816
11.1, -10532.687261032828
11.120000000000001, -10443.068891278395
11.14, -10353.758301685768
11.16, -10264.754778370349
11.18, -10176.057608580813
11.2, -10087.666080697978
11.22, -9999.57948423375
11.24, -9911.797109829902
11.26, -9824.318249257092
11.28, -9737.142195413617
11.3, -9650.268242324251
11.32, -9563.695685139333
11.34, -9477.42382013338
11.36, -9391.451944704182
11.38, -9305.77935737159
11.4, -9220.40535777634
11.42, -9135.329246679044
11.44, -9050.550325959019
11.46, -8966.067898613139
11.48, -8881.881268754776
11.5, -8797.989741612619
11.52, -8714.392623529653
11.54, -8631.089221961913
11.56, -8548.078845477474
11.58, -8465.360803755262
11.6, -8382.934407584064
11.620000000000001, -8300.79896886117
11.64, -8218.953800591567
11.66, -8137.398216886577
11.68, -8056.131532962871
11.7, -7975.15306514129
11.72, -7894.462130845815
11.74, -7814.058048602397
11.76, -7733.940138037811
11.78, -7654.107719878681
11.8, -7574.560115950182
11.82, -7495.29664917507
11.84, -7416.316643572543
11.86, -7337.619424257122
11.88, -7259.2043174375285
11.9, -7181.070650415568
11.92, -7103.217751585151
11.94, -7025.644950430971
11.96, -6948.351577527545
11.98, -6871.3369645380735
12.0, -6794.600444213429
12.02, -6718.141350390797
12.04, -6641.959017992849
12.06, -6566.052783026535
12.08, -6490.421982581887
12.1, -6415.065954831123
12.120000000000001, -6339.984039027302
12.14, -6265.175575503454
12.16, -6190.639905671298
12.18, -6116.376372020299
12.2, -6042.384318116368
12.22, -5968.663088601039
12.24, -5895.21202919005
12.26, -5822.030486672564
12.280000000000001, -5749.117808909825
12.3, -5676.473344834187
12.32, -5604.0964444479905
12.34, -5531.986458822459
12.36, -5460.142740096562
12.379999999999999, -5388.564641476085
12.4, -5317.251517232304
12.42, -5246.20272270104
12.44, -5175.417614281556
12.46, -5104.89554943543
12.48, -5034.635886685486
12.5, -4964.6379856147105
12.52, -4894.901206865048
12.54, -4825.424912136485
12.56, -4756.208464185896
12.58, -4687.251226825931
12.6, -4618.55256492387
12.620000000000001, -4550.111844400701
12.64, -4481.928432229877
12.66, -4414.001696436288
12.68, -4346.331006095163
12.7, -4278.915731331028
12.72, -4211.755243316555
12.74, -4144.848914271526
12.76, -4078.196117461761
12.780000000000001, -4011.7962271979195
12.8, -3945.6486188346025
12.82, -3879.7526687690697
12.84, -3814.1077544404106
12.86, -3748.713254328104
12.879999999999999, -3683.568547951276
12.9, -3618.6730158674764
12.92, -3554.026039671604
12.94, -3489.627001994799
12.96, -3425.4752865034825
12.98, -3361.5702778980485
13.0, -3297.9113619120617
13.02, -3234.4979253109923
13.04, -3171.3293558912264
13.06, -3108.405042478873
13.08, -3045.724374928919
13.1, -2983.286744123936
13.120000000000001, -2921.09154197303
13.14, -2859.1381614108686
13.16, -2797.4259963965887
13.18, -2735.9544419126323
13.2, -2674.722893963757
13.22, -2613.7307495759596
13.24, -2552.9774067953404
13.26, -2492.4622646870703
13.280000000000001, -2432.1847233344597
13.3, -2372.1441838375467
13.32, -2312.3400483123987
13.34, -2252.771719889817
13.36, -2193.438602714363
13.379999999999999, -2134.3401019431767
13.4, -2075.475623745151
13.42, -2016.8445752995322
13.44, -1958.446364795178
13.46, -1900.2804014292487
13.48, -1842.3460954063048
13.5, -1784.642857937084
13.52, -1727.1701012376288
13.54, -1669.9272385280638
13.56, -1612.9136840315768
13.58, -1556.1288529734302
13.6, -1499.5721615798539
13.620000000000001, -1443.2430270768236
13.64, -1387.1408676893625
13.66, -1331.2651026400272
13.68, -1275.6151521483262
13.7, -1220.1904374292353
13.72, -1164.9903806924121
13.74, -1110.0144051410607
13.76, -1055.2619349707966
13.780000000000001, -1000.7323953687446
13.8, -946.4252125122875
13.82, -892.3398135681928
13.84, -838.4756266915065
13.86, -784.8320810243895
13.879999999999999, -731.4086066951859
13.9, -678.2046348173462
13.92, -625.2195974883216
13.94, -572.4529277886322
13.96, -519.904059780587
13.98, -467.57242850749753
14.0, -415.45746999248513
14.02, -363.5586212374037
14.04, -311.8753202218795
14.06, -260.4070059021469
14.08, -209.1531182101462
14.1, -158.11309805241763
14.120000000000001, -107.28638730893726
14.14, -56.67242883221479
14.16, -6.270666446274845
14.18, 43.91945505462354
14.2, 93.89848990671453
14.219999999999999, 143.66699137803516
14.24, 193.22551176935667
14.26, 242.574602415174
14.280000000000001, 291.71481368487
14.3, 340.64669498367584
14.32, 389.37079475374776
14.34, 437.88766047524405
14.36, 486.1978386672563
14.379999999999999, 534.3018748888862
14.4, 582.2003137404972
14.42, 629.8936988644127
14.440000000000001, 677.3825729461096
14.46, 724.6674777153239
14.48, 771.748953947128
14.5, 818.6275414625707
14.52, 865.3037791304232
14.54, 911.7782048674999
14.56, 958.0513556400838
14.58, 1004.1237674648874
14.600000000000001, 1049.9959754101874
14.620000000000001, 1095.6685135965527
14.64, 1141.141915198241
14.66, 1186.4167124440428
14.68, 1231.4934366182133
14.7, 1276.3726180618396
14.719999999999999, 1321.0547861735104
14.74, 1365.5404694105382
14.76, 1409.8301952900365
14.780000000000001, 1453.9244903897925
14.8, 1497.8238803493732
14.82, 1541.5288898712024
14.84, 1585.0400427214336
14.86, 1628.3578617312596
14.879999999999999, 1671.4828687976697
14.9, 1714.4155848845548
14.92, 1757.1565300238435
14.940000000000001, 1799.706223316316
14.96, 1842.0651829328854
14.98, 1884.2339261153538
15.0, 1926.2129691777227
15.02, 1968.0028275069199
15.04, 2009.6040155640803
15.06, 2051.0170468854485
15.08, 2092.2424340833386
15.100000000000001, 2133.280688847328
15.120000000000001, 2174.1323219451297
15.14, 2214.7978432236414
15.16, 2255.2777616100793
15.18, 2295.5725851127645
15.2, 2335.682820822374
15.219999999999999, 2375.6089749129605
15.24, 2415.351552642649
15.26, 2454.911058355123
15.280000000000001, 2494.287995480292
15.3, 2533.4828665353416
15.32, 2572.496173126041
15.34, 2611.328415947355
15.36, 2649.980094784725
15.379999999999999, 2688.451708515029
15.4, 2726.743755107542
15.42, 2764.8567316249537
15.440000000000001, 2802.791134224506
15.46, 2840.547458158835
15.48, 2878.126197777019
15.5, 2915.5278465257434
15.52, 2952.7528969501436
15.54, 2989.801840694825
15.56, 3026.6751685049676
15.58, 3063.3733702272293
15.600000000000001, 3099.8969348109094
15.620000000000001, 3136.246350308764
15.64, 3172.4221038781106
15.66, 3208.4246817819076
15.68, 3244.2545693895954
15.7, 3279.912251178175
15.719999999999999, 3315.398210733343
15.74, 3350.7129307502473
15.76, 3385.8568930347974
15.780000000000001, 3420.830578504334
15.8, 3455.6344671887637
15.82, 3490.2690382317815
15.84, 3524.7347698916274
15.86, 3559.0321395419596
15.879999999999999, 3593.16162367331
15.9, 3627.1236978935776
15.92, 3660.918836929428
15.940000000000001, 3694.5475146271056
15.96, 3728.010203953454
15.98, 3761.3073769968178
16.0, 3794.4395049682644
16.02, 3827.4070582023996
16.04, 3860.2105061584734
16.060000000000002, 3892.850317421311
16.08, 3925.3269597022445
16.1, 3957.640899840306
16.12, 3989.7926038030128
16.14, 4021.782536687533
16.16, 4053.6111627214996
16.18, 4085.278945264203
16.2, 4116.786346807465
16.22, 4148.133828976599
16.240000000000002, 4179.321852531488
16.259999999999998, 4210.350877367484
16.28, 4241.221362516633
16.3, 4271.933766148199
16.32, 4302.4885455702315
16.34, 4332.886157229979
16.36, 4363.127056715486
16.38, 4393.2116987560585
16.4, 4423.1405372234
16.42, 4452.914025132806
16.44, 4482.532614643831
16.46, 4511.996757061541
16.48, 4541.306902837474
16.5, 4570.463501570281
16.52, 4599.467002007266
16.54, 4628.317852044856
16.560000000000002, 4657.016498729936
16.58, 4685.563388260693
16.6, 4713.958965987491
16.62, 4742.203676414094
16.64, 4770.297963198478
16.66, 4798.242269153794
16.68, 4826.0370362495305
16.7, 4853.682705612213
16.72, 4881.179717526742
16.740000000000002, 4908.528511436947
16.759999999999998, 4935.729525946896
16.78, 4962.783198821795
16.8, 4989.689966988895
16.82, 5016.450266538479
16.84, 5043.064532724908
16.86, 5069.533199967496
16.88, 5095.85670185159
16.9, 5122.035471129493
16.92, 5148.069939721405
16.94, 5173.960538716463
16.96, 5199.707698373648
16.98, 5225.311848122801
17.0, 5250.773416565586
17.02, 5276.092831476504
17.04, 5301.270519803773
17.060000000000002, 5326.306907670252
17.08, 5351.2024203746405
17.1, 5375.957482392259
17.12, 5400.572517376044
17.14, 5425.047948157531
17.16, 5449.384196747822
17.18, 5473.5816843386565
17.2, 5497.6408313031425
17.22, 5521.562057196978
17.240000000000002, 5545.345780759089
17.259999999999998, 5568.992419913062
17.28, 5592.50239176763
17.3, 5615.876112618018
17.32, 5639.11399794661
17.34, 5662.2164624241705
17.36, 5685.183919910516
17.38, 5708.016783455794
17.4, 5730.715465301124
17.42, 5753.280376879906
17.44, 5775.711928818404
17.46, 5798.0105309370265
17.48, 5820.17659225114
17.5, 5842.210520971945
17.52, 5864.112724507664
17.54, 5885.883609464305
17.560000000000002, 5907.5235816465865
17.58, 5929.033046059223
17.6, 5950.4124069073005
17.62, 5971.662067597819
17.64, 5992.7824307403935
17.66, 6013.773898148094
17.68, 6034.636870838585
17.7, 6055.371749035025
17.72, 6075.978932166938
17.740000000000002, 6096.458818871382
17.759999999999998, 6116.81180699353
17.78, 6137.0382935880625
17.8, 6157.138674919697
17.82, 6177.113346464466
17.84, 6196.962702910532
17.86, 6216.687138159119
17.88, 6236.2870453254145
17.9, 6255.762816739676
17.92, 6275.114843948046
17.94, 6294.343517713598
17.96, 6313.449228017125
17.98, 6332.432364058186
18.0, 6351.293314256123
18.02, 6370.0324662509665
18.04, 6388.650206904189
18.060000000000002, 6407.1469222999
18.08, 6425.522997745662
18.1, 6443.778817773535
18.12, 6461.914766140777
18.14, 6479.931225831155
18.16, 6497.828579055524
18.18, 6515.607207252964
18.2, 6533.26749109177
18.22, 6550.8098104701785
18.240000000000002, 6568.234544517472
18.259999999999998, 6585.542071594857
18.28, 6602.732769296563
18.3, 6619.807014450373
18.32, 6636.765183119045
18.34, 6653.6076506008685
18.36, 6670.334791430854
18.380000000000003, 6686.946979381581
18.4, 6703.444587463979
18.42, 6719.8279879285255
18.439999999999998, 6736.09755226603
18.46, 6752.253651208681
18.48, 6768.296654730657
18.5, 6784.226932049467
18.52, 6800.044851626677
18.54, 6815.750781168812
18.560000000000002, 6831.3450876284915
18.58, 6846.828137204895
18.6, 6862.200295345334
18.62, 6877.4619267457165
18.64, 6892.613395351596
18.66, 6907.6550643590745
18.68, 6922.587296215846
18.700000000000003, 6937.410452621989
18.72, 6952.124894531007
18.740000000000002, 6966.730982150621
18.759999999999998, 6981.2290749437525
18.78, 6995.619531629636
18.8, 7009.90271018428
18.82, 7024.078967841837
18.84, 7038.148661095445
18.86, 7052.112145697873
18.880000000000003, 7065.969776662765
18.9, 7079.721908265463
18.92, 7093.368894043786
18.939999999999998, 7106.911086799169
18.96, 7120.348838597332
18.98, 7133.68250076953
19.0, 7146.912423913105
19.02, 7160.038957892713
19.04, 7173.062451841019
19.060000000000002, 7185.983254159772
19.08, 7198.8017125206825
19.1, 7211.51817386609
19.12, 7224.132984410418
19.14, 7236.646489640581
19.16, 7249.059034316946
19.18, 7261.370962474728
19.200000000000003, 7273.582617424254
19.22, 7285.694341752416
19.240000000000002, 7297.706477323052
19.259999999999998, 7309.619365278544
19.28, 7321.433346039965
19.3, 7333.148759308591
19.32, 7344.765944066428
19.34, 7356.285238577431
19.36, 7367.706980388117
19.380000000000003, 7379.031506328756
19.4, 7390.259152513929
19.42, 7401.390254343831
19.439999999999998, 7412.425146504887
19.46, 7423.3641629708
19.48, 7434.207637003332
19.5, 7444.955901153386
19.52, 7455.609287261759
19.54, 7466.168126460136
19.560000000000002, 7476.6327491718985
19.58, 7487.0034851131495
19.6, 7497.280663293524
19.62, 7507.464612017153
19.64, 7517.555658883561
19.66, 7527.554130788223
19.68, 7537.460353924311
19.700000000000003, 7547.2746537826315
19.72, 7556.997355153115
19.740000000000002, 7566.628782125481
19.759999999999998, 7576.169258090435
19.78, 7585.619105740043
19.8, 7594.978647069045
19.82, 7604.248203375639
19.84, 7613.428095262381
19.86, 7622.5186426370055
19.880000000000003, 7631.520164713438
19.9, 7640.432980012643
19.92, 7649.257406363467
19.939999999999998, 7657.993760903657
19.96, 7666.642360080412
19.98, 7675.203519651841
20.0, 7683.677554687398
20.02, 7692.064779568987
20.04, 7700.365507991577
20.060000000000002, 7708.580052964622
20.08, 7716.708726812416
20.1, 7724.751841175166
20.12, 7732.70970701013
20.14, 7740.582634591963
20.16, 7748.370933514234
20.18, 7756.074912689801
20.200000000000003, 7763.694880351977
20.22, 7771.231144055346
20.240000000000002, 7778.684010676574
20.259999999999998, 7786.053786415432
20.28, 7793.340776795521
20.3, 7800.545286665438
20.32, 7807.6676201991795
20.34, 7814.708080897544
20.36, 7821.666971588653
20.380000000000003, 7828.544594428939
20.4, 7835.341250904166
20.42, 7842.0572418300435
20.439999999999998, 7848.692867353442
20.46, 7855.248426952778
20.48, 7861.72421943958
20.5, 7868.120542958641
20.52, 7874.437694989378
20.54, 7880.675972346624
20.560000000000002, 7886.835671181383
20.58, 7892.917086981761
20.6, 7898.920514573867
20.62, 7904.846248122689
20.64, 7910.694581132964
20.66, 7916.465806449938
20.68, 7922.160216260527
20.700000000000003, 7927.778102093871
20.72, 7933.319754822325
20.740000000000002, 7938.78546466236
20.759999999999998, 7944.17552117561
20.78, 7949.490213269222
20.8, 7954.729829197284
20.82, 7959.894656561519
20.84, 7964.984982311784
20.86, 7970.001092747756
20.880000000000003, 7974.943273518758
20.9, 7979.81180962568
20.92, 7984.606985420833
20.939999999999998, 7989.329084609752
20.96, 7993.978390251315
20.98, 7998.555184759229
21.0, 8003.059749902313
21.02, 8007.492366805702
21.04, 8011.853315951768
21.060000000000002, 8016.1428771807405
21.08, 8020.361329691688
21.1, 8024.508952043572
21.12, 8028.5860221556795
21.14, 8032.592817308818
21.16, 8036.529614146042
21.18, 8040.396688673616
21.200000000000003, 8044.194316261768
21.22, 8047.922771645739
21.240000000000002, 8051.582328926161
21.259999999999998, 8055.173261570657
21.28, 8058.695842413959
21.3, 8062.150343659276
21.32, 8065.537036878872
21.34, 8068.856193015061
21.36, 8072.108082381106
21.380000000000003, 8075.292974661919
21.4, 8078.411138914787
21.42, 8081.462843570771
21.439999999999998, 8084.448356435023
21.46, 8087.367944687838
21.48, 8090.221874885523
21.5, 8093.0104129612155
21.52, 8095.733824225696
21.54, 8098.392373368348
21.560000000000002, 8100.986324457976
21.58, 8103.515940943442
21.6, 8105.981485654862
21.62, 8108.383220804419
21.64, 8110.7214079866535
21.66, 8112.99630817998
21.68, 8115.208181747497
21.700000000000003, 8117.357288437372
21.72, 8119.443887383764
21.740000000000002, 8121.468237108231
21.759999999999998, 8123.430595520069
21.78, 8125.331219917163
21.8, 8127.170366987091
21.82, 8128.948292807647
21.84, 8130.665252848034
21.86, 8132.321501969447
21.880000000000003, 8133.91729442589
21.9, 8135.452883865306
21.92, 8136.928523330193
21.939999999999998, 8138.344465258531
21.96, 8139.700961484254
21.98, 8140.998263238842
22.0, 8142.236621151387
22.02, 8143.416285250161
22.04, 8144.537504962616
22.060000000000002, 8145.60052911684
22.08, 8146.605605942488
22.1, 8147.552983070927
22.12, 8148.4429075367225
22.14, 8149.275625778333
22.16, 8150.051383638609
22.18, 8150.7704263660125
22.200000000000003, 8151.432998615346
22.22, 8152.039344448363
22.240000000000002, 8152.589707335137
22.259999999999998, 8153.084330154321
22.28, 8153.523455194052
22.3, 8153.907324153086
22.32, 8154.236178141669
22.34, 8154.510257681861
22.36, 8154.729802708724
22.380000000000003, 8154.895052571257
22.4, 8155.00624603295
22.42, 8155.063621272799
22.439999999999998, 8155.06741588586
22.46, 8155.017866884533
22.48, 8154.915210698993
22.5, 8154.759683178156
22.52, 8154.551519590488
22.54, 8154.290954625001
22.560000000000002, 8153.978222391626
22.58, 8153.613556422555
22.6, 8153.19718967285
22.62, 8152.72935452091
22.64, 8152.210282770102
22.66, 8151.640205648902
22.68, 8151.019353811687
22.700000000000003, 8150.347957340215
22.72, 8149.626245743741
22.740000000000002, 8148.854447960213
22.759999999999998, 8148.032792356942
22.78, 8147.161506731412
22.8, 8146.2408183123625
22.82, 8145.2709537602495
22.84, 8144.252139168093
22.86, 8143.184600062756
22.880000000000003, 8142.068561405031
22.9, 8140.90424759101
22.92, 8139.691882452811
22.939999999999998, 8138.4316892591305
22.96, 8137.123890716321
22.98, 8135.768708969059
23.0, 8134.3663656012795
23.02, 8132.917081636901
23.04, 8131.4210775404645
23.060000000000002, 8129.878573218477
23.08, 8128.289788019611
23.1, 8126.65494073584
23.12, 8124.974249603227
23.14, 8123.24793230262
23.16, 8121.476205960615
23.18, 8119.659287150222
23.200000000000003, 8117.797391891683
23.22, 8115.890735653404
23.240000000000002, 8113.939533352648
23.259999999999998, 8111.943999356357
23.28, 8109.904347481934
23.3, 8107.820790998172
23.32, 8105.693542625784
23.34, 8103.522814538679
23.36, 8101.308818364283
23.380000000000003, 8099.051765184442
23.4, 8096.751865536557
23.42, 8094.409329413786
23.439999999999998, 8092.024366266647
23.46, 8089.597185003018
23.48, 8087.127993989474
23.5, 8084.617001051636
23.52, 8082.0644134756
23.54, 8079.470438008138
23.560000000000002, 8076.8352808577765
23.58, 8074.159147695347
23.6, 8071.4422436552995
23.62, 8068.684773335961
23.64, 8065.886940800527
23.66, 8063.04894957802
23.68, 8060.171002663788
23.700000000000003, 8057.253302520403
23.72, 8054.296051078651
23.740000000000002, 8051.299449738086
23.759999999999998, 8048.263699367875
23.78, 8045.1890003076405
23.8, 8042.0755523681
23.82, 8038.923554832261
23.84, 8035.733206455625
23.86, 8032.504705467378
23.880000000000003, 8029.238249571266
23.9, 8025.934035945829
23.92, 8022.592261245853
23.939999999999998, 8019.213121602836
23.96, 8015.796812625631
23.98, 8012.343529401551
24.0, 8008.85346649689
24.02, 8005.326817957859
24.04, 8001.763777311397
24.060000000000002, 7998.164537565783
24.08, 7994.529291211598
24.1, 7990.858230222366
24.12, 7987.151546055509
24.14, 7983.40942965282
24.16, 7979.632071441592
24.18, 7975.81966133535
24.200000000000003, 7971.972388734255
24.22, 7968.090442526416
24.240000000000002, 7964.174011088355
24.259999999999998, 7960.223282285733
24.28, 7956.238443474198
24.3, 7952.219681500428
24.32, 7948.167182702542
24.34, 7944.081132911029
24.36, 7939.96171744942
24.380000000000003, 7935.8091211354185
24.4, 7931.623528281081
24.42, 7927.405122694065
24.439999999999998, 7923.154087678326
24.46, 7918.870606034732
24.48, 7914.554860061937
24.5, 7910.207031557045
24.52, 7905.827301816753
24.54, 7901.415851637546
24.560000000000002, 7896.972861316957
24.58, 7892.498510653997
24.6, 7887.992978950177
24.62, 7883.456445010146
24.64, 7878.889087142539
24.66, 7874.2910831604095
24.68, 7869.662610382744
24.700000000000003, 7865.003845634434
24.72, 7860.314965247409
24.740000000000002, 7855.596145061398
24.759999999999998, 7850.847560424707
24.78, 7846.069386194838
24.8, 7841.261796739447
24.82, 7836.4249659369525
24.84, 7831.559067177441
24.86, 7826.664273363072
24.880000000000003, 7821.740756909392
24.9, 7816.78868974591
24.92, 7811.80824331622
24.939999999999998, 7806.799588580034
24.96, 7801.762896012602
24.98, 7796.698335606372
25.0, 7791.606076871452
25.02, 7786.486288836313
25.04, 7781.3391400485125
25.060000000000002, 7776.164798575803
25.08, 7770.963432006334
25.1, 7765.735207450023
25.12, 7760.48029153861
25.14, 7755.198850427056
25.16, 7749.891049794096
25.18, 7744.557054842706
25.200000000000003, 7739.1970303011185
25.22, 7733.81114042367
25.240000000000002, 7728.399548991467
25.259999999999998, 7722.962419312913
25.28, 7717.499914224551
25.3, 7712.012196092168
25.32, 7706.499426811264
25.34, 7700.961767807603
25.36, 7695.39938003823
25.380000000000003, 7689.812423992291
25.4, 7684.20105969155
25.42, 7678.565446691442
25.439999999999998, 7672.9057440811885
25.46, 7667.222110485396
25.48, 7661.514704064146
25.5, 7655.783682514011
25.52, 7650.029203068872
25.54, 7644.251422500442
25.560000000000002, 7638.450497119018
25.58, 7632.626582774596
25.6, 7626.779834857065
25.62, 7620.910408297583
25.64, 7615.018457568454
25.66, 7609.104136684822
25.68, 7603.167599204724
25.700000000000003, 7597.20899823014
25.72, 7591.228486407781
25.740000000000002, 7585.226215929462
25.759999999999998, 7579.202338533243
25.78, 7573.157005504065
25.8, 7567.090367674158
25.82, 7561.002575424529
25.84, 7554.893778684724
25.86, 7548.764126934431
25.880000000000003, 7542.613769203599
25.9, 7536.442854073626
25.92, 7530.251529677684
25.939999999999998, 7524.039943701733
25.96, 7517.808243385254
25.98, 7511.556575521856
26.0, 7505.285086460033
26.02, 7498.993922103895
26.04, 7492.683227914007
26.06, 7486.353148907889
26.080000000000002, 7480.0038296611165
26.1, 7473.635414307442
26.12, 7467.248046540393
26.14, 7460.841869613243
26.16, 7454.417026339943
26.18, 7447.973659095966
26.2, 7441.511909819121
26.22, 7435.031920009933
26.240000000000002, 7428.533830732806
26.26, 7422.0177826162835
26.28, 7415.483915854216
26.3, 7408.932370205992
26.32, 7402.363284997875
26.34, 7395.776799123036
26.36, 7389.1730510431225
26.38, 7382.552178788028
26.4, 7375.914319957228
26.42, 7369.259611720452
26.44, 7362.5881908182055
26.46, 7355.900193562586
26.48, 7349.1957558381255
26.5, 7342.475013102143
26.52, 7335.738100385846
26.54, 7328.985152294947
26.56, 7322.216303010355
26.580000000000002, 7315.431686288677
26.6, 7308.631435463409
26.62, 7301.815683445107
26.64, 7294.984562722762
26.66, 7288.13820536359
26.68, 7281.2767430147505
26.7, 7274.400306903146
26.72, 7267.509027837077
26.740000000000002, 7260.603036206157
26.76, 7253.682461982156
26.78, 7246.74743472031
26.8, 7239.798083559232
26.82, 7232.834537222312
26.84, 7225.856924017775
26.86, 7218.865371839958
26.88, 7211.860008169315
26.9, 7204.840960074478
26.92, 7197.808354211273
26.94, 7190.762316824519
26.96, 7183.702973748412
26.98, 7176.63045040748
27.0, 7169.544871816586
27.02, 7162.44636258253
27.04, 7155.3350469041325
27.06, 7148.211048573285
27.080000000000002, 7141.07449097553
27.1, 7133.925497090444
27.12, 7126.764189493057
27.14, 7119.590690353856
27.16, 7112.405121439893
27.18, 7105.207604115218
27.2, 7097.998259341955
27.22, 7090.777207680658
27.240000000000002, 7083.544569291
27.26, 7076.30046393277
27.28, 7069.045010966307
27.3, 7061.778329353372
27.32, 7054.500537657499
27.34, 7047.211754045187
27.36, 7039.912096286484
27.38, 7032.601681755157
27.400000000000002, 7025.280627430009
27.42, 7017.949049895455
27.44, 7010.60706534193
27.46, 7003.254789566825
27.48, 6995.892337975034
27.5, 6988.519825579948
27.52, 6981.137367003568
27.54, 6973.745076478022
27.56, 6966.3430678453005
27.580000000000002, 6958.9314545587695
27.6, 6951.510349683464
27.62, 6944.0798658965505
27.64, 6936.640115488786
27.66, 6929.191210364428
27.68, 6921.7332620421075
27.7, 6914.266381655936
27.72, 6906.790679955477
27.740000000000002, 6899.306267307227
27.76, 6891.81325369468
27.78, 6884.311748719425
27.8, 6876.801861601241
27.82, 6869.283701179636
27.84, 6861.757375913905
27.86, 6854.22299388377
27.88, 6846.680662790692
27.900000000000002, 6839.130489957752
27.92, 6831.572582330962
27.94, 6824.007046479528
27.96, 6816.433988596837
27.98, 6808.853514500835
28.0, 6801.2657296349935
28.02, 6793.670739068999
28.04, 6786.068647498963
28.06, 6778.45955924844
28.080000000000002, 6770.843578269647
28.1, 6763.220808142913
28.12, 6755.591352078336
28.14, 6747.955312916165
28.16, 6740.312793127465
28.18, 6732.663894814468
28.2, 6725.008719712176
28.22, 6717.347369187861
28.240000000000002, 6709.679944242438
28.26, 6702.006545511162
28.28, 6694.32727326412
28.3, 6686.642227406759
28.32, 6678.951507480611
28.34, 6671.255212664371
28.36, 6663.553441774129
28.38, 6655.846293264069
28.400000000000002, 6648.133865227544
28.42, 6640.416255396674
28.44, 6632.693561144959
28.46, 6624.965879485739
28.48, 6617.233307074173
28.5, 6609.495940207911
28.52, 6601.753874827205
28.54, 6594.007206515729
28.56, 6586.256030501594
28.580000000000002, 6578.500441657554
28.6, 6570.740534501965
28.62, 6562.976403199253
28.64, 6555.208141561074
28.66, 6547.435843045911
28.68, 6539.659600760875
28.7, 6531.879507461941
28.72, 6524.095655554178
28.740000000000002, 6516.308137093118
28.76, 6508.517043784988
28.78, 6500.722466987441
28.8, 6492.924497710192
28.82, 6485.123226615833
28.84, 6477.318744020187
28.86, 6469.511139893439
28.88, 6461.700503860251
28.900000000000002, 6453.886925200786
28.92, 6446.070492851315
28.94, 6438.251295404654
28.96, 6430.4294211108645
28.98, 6422.604957878531
29.0, 6414.777993274241
29.02, 6406.9486145241535
29.04, 6399.116908514552
29.06, 6391.282961792051
29.080000000000002, 6383.446860564582
29.1, 6375.608690702298
29.12, 6367.768537737313
29.14, 6359.926486865588
29.16, 6352.08262294624
29.18, 6344.237030503427
29.2, 6336.3897937262955
29.22, 6328.540996469761
29.240000000000002, 6320.690722255065
29.26, 6312.839054270706
29.28, 6304.986075372726
29.3, 6297.131868085562
29.32, 6289.276514603
29.34, 6281.420096788002
29.36, 6273.562696174136
29.38, 6265.704393965716
29.400000000000002, 6257.845271038677
29.42, 6249.985407941334
29.44, 6242.1248848946125
29.46, 6234.2637817931245
29.48, 6226.40217820555
29.5, 6218.5401533754775
29.52, 6210.677786221495
29.54, 6202.815155338787
29.56, 6194.952338998875
29.580000000000002, 6187.089415150782
29.6, 6179.226461421378
29.62, 6171.363555115997
29.64, 6163.5007732196245
29.66, 6155.638192396873
29.68, 6147.7758889927645
29.7, 6139.913939033431
29.72, 6132.052418226842
29.740000000000002, 6124.191401963792
29.76, 6116.33096531732
29.78, 6108.47118304469
29.8, 6100.61212958736
29.82, 6092.753879071533
29.84, 6084.896505309065
29.86, 6077.040081798099
29.88, 6069.184681723447
29.900000000000002, 6061.33037795726
29.92, 6053.47724306013
29.94, 6045.625349281152
29.96, 6037.774768558418
29.98, 6029.9255725205
30.0, 6022.0778324862185
30.02, 6014.231619465601
30.04, 6006.387004160497
30.06, 5998.544056965562
30.080000000000002, 5990.702847967739
30.1, 5982.863446948497
30.12, 5975.0259233832185
30.14, 5967.190346442076
30.16, 5959.356784991018
30.18, 5951.525307592354
30.2, 5943.695982504549
30.22, 5935.868877684348
30.240000000000002, 5928.044060785585
30.26, 5920.221599161567
30.28, 5912.401559864433
30.3, 5904.58400964638
30.32, 5896.769014959864
30.34, 5888.95664195891
30.36, 5881.146956498618
30.38, 5873.340024137113
30.400000000000002, 5865.535910135048
30.42, 5857.7346794568875
30.44, 5849.936396771314
30.46, 5842.141126451403
30.48, 5834.348932576249
30.5, 5826.559878930537
30.52, 5818.774029005814
30.54, 5810.991446000669
30.56, 5803.212192821811
30.580000000000002, 5795.436332084413
30.6, 5787.663926112262
30.62, 5779.895036939473
30.64, 5772.129726310319
30.66, 5764.368055679486
30.68, 5756.61008621371
30.7, 5748.855878791859
30.72, 5741.105494005053
30.740000000000002, 5733.358992158144
30.76, 5725.616433269897
30.78, 5717.877877073392
30.8, 5710.143383017305
30.82, 5702.413010265445
30.84, 5694.686817698501
30.86, 5686.964863913687
30.88, 5679.24720722629
30.900000000000002, 5671.533905669465
30.92, 5663.825016994786
30.94, 5656.120598673879
30.96, 5648.420707897894
30.98, 5640.725401578529
31.0, 5633.034736348927
31.02, 5625.348768563708
31.04, 5617.667554300104
31.06, 5609.991149358044
31.080000000000002, 5602.319609260972
31.1, 5594.652989256661
31.12, 5586.991344317823
31.14, 5579.334729141992
31.16, 5571.683198153158
31.18, 5564.036805501382
31.2, 5556.395605064026
31.22, 5548.759650446038
31.240000000000002, 5541.128994981176
31.26, 5533.503691731661
31.28, 5525.883793488989
31.3, 5518.269352775125
31.32, 5510.6604218427965
31.34, 5503.057052675635
31.36, 5495.459296988993
31.38, 5487.867206231196
31.400000000000002, 5480.280831583368
31.42, 5472.70022396007
31.44, 5465.125434010173
31.46, 5457.556512117328
31.48, 5449.993508400774
31.5, 5442.436472714966
31.52, 5434.885454652016
31.54, 5427.3405035402975
31.56, 5419.80166844622
31.580000000000002, 5412.2689981744625
31.6, 5404.742541268497
31.62, 5397.222346011491
31.64, 5389.708460425929
31.66, 5382.200932276086
31.68, 5374.69980906634
31.7, 5367.205138043588
31.72, 5359.716966196924
31.740000000000002, 5352.235340257845
31.76, 5344.760306701879
31.78, 5337.291911748878
31.8, 5329.830201362754
31.82, 5322.375221252965
31.84, 5314.92701687495
31.86, 5307.485633430246
31.88, 5300.051115867565
31.900000000000002, 5292.623508883233
31.92, 5285.2028569212125
31.94, 5277.789204175031
31.96, 5270.382594586554
31.98, 5262.983071848139
32.0, 5255.590679402318
32.019999999999996, 5248.205460442725
32.04, 5240.827457914391
32.06, 5233.456714514556
32.08, 5226.093272693426
32.1, 5218.7371746538265
32.120000000000005, 5211.388462352974
32.14, 5204.047177502362
32.16, 5196.7133615684
32.18, 5189.387055773201
32.2, 5182.068301094754
32.22, 5174.757138267887
32.24, 5167.453607784322
32.260000000000005, 5160.157749894599
32.28, 5152.869604606007
32.3, 5145.589211686223
32.32, 5138.316610661859
32.34, 5131.051840819506
32.36, 5123.7949412064045
32.379999999999995, 5116.5459506311745
32.400000000000006, 5109.3049076640455
32.42, 5102.071850637614
32.44, 5094.846817647223
32.46, 5087.62984655195
32.480000000000004, 5080.420974974113
32.5, 5073.220240301831
32.519999999999996, 5066.027679687104
32.54, 5058.843330048083
32.56, 5051.667228069564
32.58, 5044.499410202261
32.6, 5037.339912664989
32.620000000000005, 5030.188771444169
32.64, 5023.046022294409
32.66, 5015.911700739613
32.68, 5008.785842073237
32.7, 5001.668481358589
32.72, 4994.559653430246
32.74, 4987.459392893041
32.760000000000005, 4980.367734124709
32.78, 4973.284711274202
32.8, 4966.210358264128
32.82, 4959.144708789681
32.84, 4952.087796321284
32.86, 4945.039654102962
32.879999999999995, 4938.000315153593
32.900000000000006, 4930.969812268566
32.92, 4923.948178018705
32.94, 4916.935444751609
32.96, 4909.931644592638
32.980000000000004, 4902.936809444276
33.0, 4895.950970988022
33.019999999999996, 4888.974160683749
33.04, 4882.006409770722
33.06, 4875.047749268648
33.08, 4868.098209977616
33.1, 4861.157822478563
33.120000000000005, 4854.226617133943
33.14, 4847.304624089011
33.16, 4840.391873270826
33.18, 4833.488394390268
33.2, 4826.594216942001
33.22, 4819.709370204626
33.24, 4812.8338832418085
33.260000000000005, 4805.967784902692
33.28, 4799.111103822186
33.3, 4792.2638684219855
33.32, 4785.426106910192
33.34, 4778.5978472828865
33.36, 4771.779117324302
33.379999999999995, 4764.9699446069135
33.400000000000006, 4758.1703564923955
33.42, 4751.380380132614
33.44, 4744.600042468985
33.46, 4737.82937023422
33.480000000000004, 4731.06838995163
33.5, 4724.317127936985
33.519999999999996, 4717.575610298198
33.54, 4710.843862936104
33.56, 4704.121911544586
33.58, 4697.4097816120775
33.6, 4690.707498420728
33.620000000000005, 4684.015087048261
33.64, 4677.33257236777
33.66, 4670.659979048476
33.68, 4663.997331555904
33.7, 4657.34465415281
33.72, 4650.701970899623
33.74, 4644.0693056549935
33.760000000000005, 4637.446682076406
33.78, 4630.834123619978
33.8, 4624.231653541996
33.82, 4617.639294898952
33.84, 4611.05707054786
33.86, 4604.485003147594
33.879999999999995, 4597.923115158279
33.900000000000006, 4591.37142884254
33.92, 4584.829966266087
33.94, 4578.298749297857
33.96, 4571.7777996106015
33.980000000000004, 4565.267138681607
34.0, 4558.766787793138
34.019999999999996, 4552.276768032752
34.04, 4545.797100294236
34.06, 4539.327805277513
34.08, 4532.868903489871
34.1, 4526.420415246044
34.120000000000005, 4519.982360668713
34.14, 4513.554759689141
34.16, 4507.137632047583
34.18, 4500.730997294042
34.2, 4494.334874788969
34.22, 4487.949283702386
34.24, 4481.574243016454
34.260000000000005, 4475.209771524649
34.28, 4468.8558878325275
34.3, 4462.512610358011
34.32, 4456.179957333021
34.34, 4449.85794680228
34.36, 4443.546596625383
34.379999999999995, 4437.245924476272
34.400000000000006, 4430.955947843671
34.42, 4424.676684033155
34.44, 4418.408150165633
34.46, 4412.150363178836
34.480000000000004, 4405.903339828219
34.5, 4399.667096685909
34.519999999999996, 4393.441650144057
34.54, 4387.22701641178
34.56, 4381.023211518361
34.58, 4374.830251312524
34.6, 4368.648151463713
34.620000000000005, 4362.476927461714
34.64, 4356.316594617849
34.66, 4350.167168064596
34.68, 4344.028662757279
34.7, 4337.901093474124
34.72, 4331.784474816173
34.74, 4325.678821208741
34.760000000000005, 4319.5841469009465
34.78, 4313.500465966441
34.8, 4307.427792304545
34.82, 4301.366139640857
34.84, 4295.3155215265
34.86, 4289.275951339601
34.879999999999995, 4283.2474422850355
34.900000000000006, 4277.2300073963415
34.92, 4271.223659534327
34.94, 4265.228411389631
34.96, 4259.244275480567
34.980000000000004, 4253.27126415752
35.0, 4247.309389598231
35.019999999999996, 4241.358663813386
35.04, 4235.4190986437025
35.06, 4229.490705762029
35.08, 4223.5734966733435
35.1, 4217.667482715449
35.120000000000005, 4211.772675058484
35.14, 4205.8890847073635
35.16, 4200.0167225003825
35.18, 4194.155599110731
35.2, 4188.305725046084
35.22, 4182.467110651225
35.24, 4176.639766105218
35.260000000000005, 4170.82370142499
35.28, 4165.018926463759
35.3, 4159.225450912752
35.32, 4153.443284300854
35.34, 4147.672435995628
35.36, 4141.912915203458
35.379999999999995, 4136.164730970573
35.400000000000006, 4130.427892182517
35.42, 4124.702407565783
35.44, 4118.98828568813
35.46, 4113.285534957453
35.480000000000004, 4107.594163624628
35.5, 4101.914179782034
35.519999999999996, 4096.245591365878
35.54, 4090.588406155148
35.56, 4084.942631771817
35.58, 4079.3082756836375
35.6, 4073.6853452018695
35.620000000000005, 4068.073847483931
35.64, 4062.473789531796
35.66, 4056.8851781947888
35.68, 4051.3080201678385
35.7, 4045.7423219935445
35.72, 4040.188090062409
35.74, 4034.645330612111
35.760000000000005, 4029.114049729018
35.78, 4023.594253349467
35.8, 4018.0859472582815
35.82, 4012.5891370899917
35.84, 4007.103828330757
35.86, 4001.6300263166195
35.879999999999995, 3996.167736234871
35.900000000000006, 3990.7169631256256
35.92, 3985.277711880073
35.94, 3979.8499872428365
35.96, 3974.4337938118842
35.980000000000004, 3969.0291360382107
36.0, 3963.6360182277567
36.019999999999996, 3958.2544445403328
36.04, 3952.884418991045
36.06, 3947.5259454511106
36.08, 3942.1790276466927
36.1, 3936.843669161317
36.120000000000005, 3931.519873435318
36.14, 3926.207643765956
36.16, 3920.906983308698
36.18, 3915.6178950769827
36.2, 3910.340381943737
36.22, 3905.07444664021
36.24, 3899.8200917579525
36.260000000000005, 3894.577319748816
36.28, 3889.3461329245474
36.3, 3884.1265334583004
36.32, 3878.9185233851604
36.34, 3873.7221046014747
36.36, 3868.5372788669483
36.379999999999995, 3863.3640478028974
36.400000000000006, 3858.20241289516
36.42, 3853.0523754928436
36.44, 3847.913936809433
36.46, 3842.7870979231375
36.480000000000004, 3837.6718597767176
36.5, 3832.568223179929
36.519999999999996, 3827.476188807108
36.54, 3822.395757200342
36.56, 3817.326928767521
36.58, 3812.269703784812
36.6, 3807.2240823960165
36.620000000000005, 3802.190064613067
36.64, 3797.167650317133
36.66, 3792.156839257834
36.68, 3787.1576310550154
36.7, 3782.170025198953
36.72, 3777.194021049392
36.74, 3772.229617837671
36.760000000000005, 3767.2768146673334
36.78, 3762.335610512324
36.8, 3757.406004220422
36.82, 3752.4879945106804
36.84, 3747.5815799767734
36.86, 3742.686759085016
36.879999999999995, 3737.803530176461
36.900000000000006, 3732.93189146652
36.92, 3728.0718410452537
36.94, 3723.2233768788283
36.96, 3718.3864968086127
36.980000000000004, 3713.5611985525466
37.0, 3708.7474797057803
37.019999999999996, 3703.9453377398895
37.04, 3699.1547700044757
37.06, 3694.375773727137
37.08, 3689.608346013847
37.1, 3684.8524838500016
37.120000000000005, 3680.108184099605
37.14, 3675.375443507277
37.16, 3670.65425869709
37.18, 3665.9446261744306
37.2, 3661.246542325709
37.22, 3656.560003418097
37.24, 3651.8850056021183
37.260000000000005, 3647.221544909262
37.28, 3642.5696172552416
37.3, 3637.929218437959
37.32, 3633.3003441392502
37.34, 3628.6829899255536
37.36, 3624.0771512476495
37.379999999999995, 3619.482823440834
37.400000000000006, 3614.900001726637
37.42, 3610.3286812113656
37.44, 3605.7688568890153
37.46, 3601.220523639291
37.480000000000004, 3596.6836762289167
37.5, 3592.158309312683
37.519999999999996, 3587.6444174329226
37.54, 3583.141995021346
37.56, 3578.6510363968846
37.58, 3574.171535769303
37.6, 3569.7034872368677
37.620000000000005, 3565.2468847886194
37.64, 3560.801722303935
37.66, 3556.3679935529653
37.68, 3551.945692197478
37.7, 3547.534811790858
37.72, 3543.135345778923
37.74, 3538.747287499835
37.760000000000005, 3534.3706301844213
37.78, 3530.00536695795
37.8, 3525.65149083914
37.82, 3521.3089947410335
37.84, 3516.9778714705026
37.86, 3512.658113730926
37.879999999999995, 3508.3497141201224
37.900000000000006, 3504.052665133029
37.92, 3499.766959159635
37.94, 3495.4925884876575
37.96, 3491.229545301787
37.980000000000004, 3486.9778216839186
38.0, 3482.7374096147832
38.019999999999996, 3478.508300972695
38.04, 3474.2904875351232
38.06, 3470.083960979129
38.08, 3465.8887128809
38.1, 3461.7047347171756
38.120000000000005, 3457.5320178649854
38.14, 3453.3705536021444
38.16, 3449.22033310798
38.18, 3445.081347463274
38.2, 3440.9535876509326
38.22, 3436.8370445567416
38.24, 3432.7317089694843
38.260000000000005, 3428.6375715807953
38.28, 3424.5546229860047
38.3, 3420.4828536852438
38.32, 3416.4222540823976
38.34, 3412.3728144872002
38.36, 3408.3345251136634
38.379999999999995, 3404.307376082521
38.400000000000006, 3400.291357420443
38.42, 3396.286459060095
38.44, 3392.2926708420855
38.46, 3388.3099825131067
38.480000000000004, 3384.3383837286965
38.5, 3380.377864052105
38.519999999999996, 3376.4284129558364
38.54, 3372.490019819612
38.56, 3368.5626739345316
38.58, 3364.6463645000767
38.6, 3360.741080626467
38.620000000000005, 3356.8468113346316
38.64, 3352.9635455560347
38.66, 3349.091272133577
38.68, 3345.229979821481
38.7, 3341.3796572871797
38.72, 3337.540293109778
38.74, 3333.7118757818243
38.760000000000005, 3329.8943937079457
38.78, 3326.0878352081636
38.8, 3322.292188515479
38.82, 3318.507441777532
38.84, 3314.7335830574157
38.86, 3310.9706003327447
38.879999999999995, 3307.218481496675
38.900000000000006, 3303.4772143594746
38.92, 3299.7467866466905
38.94, 3296.027186001593
38.96, 3292.3183999834873
38.980000000000004, 3288.620416070422
39.0, 3284.9332216577895
39.019999999999996, 3281.256804059638
39.04, 3277.591150508495
39.06, 3273.9362481560383
39.08, 3270.2920840738516
39.1, 3266.658645252872
39.120000000000005, 3263.035918604204
39.14, 3259.423890960519
39.16, 3255.8225490746263
39.18, 3252.231879621395
39.2, 3248.651869196561
39.22, 3245.082504319027
39.24, 3241.523771429871
39.260000000000005, 3237.975656892464
39.28, 3234.438146995002
39.3, 3230.911227948207
39.32, 3227.3948858869553
39.34, 3223.8891068710072
39.36, 3220.3938768843946
39.379999999999995, 3216.9091818369925
39.400000000000006, 3213.4350075636175
39.42, 3209.971339825308
39.44, 3206.518164309993
39.46, 3203.075466630544
39.480000000000004, 3199.643232329632
39.5, 3196.2214468748134
39.519999999999996, 3192.8100956628623
39.54, 3189.409164018143
39.56, 3186.0186371937452
39.58, 3182.638500371744
39.6, 3179.2687386640173
39.620000000000005, 3175.9093371108174
39.64, 3172.5602806834504
39.66, 3169.221554283955
39.68, 3165.89314274356
39.7, 3162.5750308261486
39.72, 3159.2672032268893
39.74, 3155.969644571829
39.760000000000005, 3152.682339420193
39.78, 3149.405272263568
39.8, 3146.1384275265445
39.82, 3142.88178956724
39.84, 3139.6353426763962
39.86, 3136.399071080552
39.879999999999995, 3133.172958939016
39.900000000000006, 3129.9569903471274
39.92, 3126.751149334508
39.94, 3123.555419866316
39.96, 3120.369785844552
39.980000000000004, 3117.194231105881
40.0, 3114.028739425208
40.019999999999996, 3110.8732945131487
40.04, 3107.727880018414
40.06, 3104.5924795263854
40.08, 3101.4670765618503
40.1, 3098.351654586266
40.120000000000005, 3095.2461970014847
40.14, 3092.150687147194
40.16, 3089.065108303097
40.18, 3085.9894436888862
40.2, 3082.92367646427
40.22, 3079.867789728509
40.24, 3076.8217665231496
40.260000000000005, 3073.7855898305424
40.28, 3070.759242572967
40.3, 3067.7427076172607
40.32, 3064.7359677710047
40.34, 3061.7390057846787
40.36, 3058.7518043509044
40.379999999999995, 3055.7743461071514
40.400000000000006, 3052.8066136337584
40.42, 3049.8485894541373
40.44, 3046.9002560381196
40.46, 3043.9615957988426
40.480000000000004, 3041.0325910938263
40.5, 3038.1132242279127
40.519999999999996, 3035.2034774500353
40.54, 3032.3033329561295
40.56, 3029.412772888143
40.58, 3026.531779334706
40.6, 3023.6603343323513
40.620000000000005, 3020.798419863597
40.64, 3017.946017859853
40.66, 3015.1031102007255
40.68, 3012.269678713841
40.7, 3009.4457051758072
40.72, 3006.631171312387
40.74, 3003.826058798266
40.760000000000005, 3001.0303492592648
40.78, 2998.2440242708253
40.8, 2995.4670653579524
40.82, 2992.6994539975713
40.84, 2989.941171617742
40.86, 2987.1921995975426
40.879999999999995, 2984.4525192681176
40.900000000000006, 2981.722111912939
40.92, 2979.000958768156
40.94, 2976.289041021868
40.96, 2973.5863398168585
40.980000000000004, 2970.89283624824
41.0, 2968.2085113655485
41.019999999999996, 2965.5333461719274
41.04, 2962.867321625905
41.06, 2960.210418640141
41.08, 2957.5626180833206
41.1, 2954.9239007782307
41.120000000000005, 2952.294247504731
41.14, 2949.6736389987636
41.16, 2947.0620559527015
41.18, 2944.459479014942
41.2, 2941.8658887919446
41.22, 2939.2812658470357
41.24, 2936.7055907023314
41.260000000000005, 2934.1388438367285
41.28, 2931.5810056892515
41.3, 2929.0320566556766
41.32, 2926.4919770926936
41.34, 2923.960747315228
41.36, 2921.4383475990326
41.379999999999995, 2918.924758178997
41.400000000000006, 2916.4199592501973
41.42, 2913.92393097037
41.44, 2911.436653456127
41.46, 2908.9581067860418
41.480000000000004, 2906.488271000999
41.5, 2904.027126103232
41.519999999999996, 2901.5746520575485
41.54, 2899.1308287917927
41.56, 2896.6956361959164
41.58, 2894.2690541236952
41.6, 2891.851062392525
41.620000000000005, 2889.4416407834506
41.64, 2887.0407690419524
41.66, 2884.648426877742
41.68, 2882.2645939663344
41.7, 2879.8892499470676
41.72, 2877.522374425491
41.74, 2875.1639469724323
41.760000000000005, 2872.8139471265895
41.78, 2870.4723543901346
41.8, 2868.139148234739
41.82, 2865.8143080974405
41.84, 2863.4978133828845
41.86, 2861.1896434643713
41.879999999999995, 2858.8897776818776
41.900000000000006, 2856.598195344064
41.92, 2854.314875729062
41.94, 2852.03979808226
41.96, 2849.772941620089
41.980000000000004, 2847.5142855265003
42.0, 2845.2638089573884
42.02, 2843.0214910367795
42.04, 2840.7873108609347
42.06, 2838.5612474949157
42.08, 2836.3432799766306
42.1, 2834.133387313981
42.12, 2831.9315484874824
42.14, 2829.7377424487786
42.160000000000004, 2827.5519481227675
42.18, 2825.374144405767
42.2, 2823.2043101677846
42.22, 2821.0424242514127
42.24, 2818.8884654728463
42.26, 2816.7424126222904
42.28, 2814.6042444633495
42.3, 2812.4739397352096
42.32, 2810.351477149641
42.34, 2808.236835396354
42.36, 2806.1299931370595
42.38, 2804.030929011089
42.4, 2801.939621633239
42.42, 2799.8560495931306
42.44, 2797.7801914592274
42.46, 2795.71202577409
42.480000000000004, 2793.6515310589457
42.5, 2791.5986858123215
42.52, 2789.5534685093444
42.54, 2787.515857603372
42.56, 2785.485831526952
42.58, 2783.4633686890593
42.6, 2781.448447479139
42.62, 2779.441046265274
42.64, 2777.441143394768
42.660000000000004, 2775.4487171944056
42.68, 2773.4637459707737
42.7, 2771.486208010465
42.72, 2769.51608158194
42.74, 2767.5533449319482
42.76, 2765.597976291465
42.78, 2763.6499538697826
42.8, 2761.709255859605
42.82, 2759.7758604348055
42.84, 2757.8497457521153
42.86, 2755.93088994961
42.88, 2754.0192711488635
42.9, 2752.1148674549477
42.92, 2750.217656955705
42.94, 2748.3276177219523
42.96, 2746.444727809343
42.980000000000004, 2744.5689652570873
43.0, 2742.7003080896393
43.02, 2740.8387343151553
43.04, 2738.9842219275597
43.06, 2737.136748905614
43.08, 2735.2962932136143
43.1, 2733.462832802208
43.12, 2731.6363456069084
43.14, 2729.816809551383
43.160000000000004, 2728.0042025445728
43.18, 2726.198502482992
43.2, 2724.399687249679
43.22, 2722.6077347163227
43.24, 2720.8226227410196
43.26, 2719.0443291706906
43.28, 2717.2728318403533
43.3, 2715.508108574286
43.32, 2713.750137183786
43.34, 2711.998895470955
43.36, 2710.2543612270383
43.38, 2708.516512231843
43.4, 2706.785326256155
43.42, 2705.0607810611546
43.44, 2703.342854397284
43.46, 2701.631524006487
43.480000000000004, 2699.926767621131
43.5, 2698.2285629663675
43.52, 2696.5368877564906
43.54, 2694.851719699742
43.56, 2693.1730364946125
43.58, 2691.5008158335404
43.6, 2689.8350354004942
43.62, 2688.1756728726905
43.64, 2686.5227059197496
43.660000000000004, 2684.876112205966
43.68, 2683.2358693876886
43.7, 2681.6019551168138
43.72, 2679.9743470375543
43.74, 2678.353022789932
43.76, 2676.7379600078857
43.78, 2675.1291363209893
43.8, 2673.526529353636
43.82, 2671.9301167250087
43.84, 2670.339876050537
43.86, 2668.7557849421573
43.88, 2667.177821006422
43.9, 2665.605961848458
43.92, 2664.0401850686176
43.94, 2662.480468263704
43.96, 2660.926789030258
43.980000000000004, 2659.3791249593487
44.0, 2657.837453641725
44.02, 2656.3017526654585
44.04, 2654.7719996166124
44.06, 2653.248172079562
44.08, 2651.730247638712
44.1, 2650.2182038761093
44.12, 2648.71201837415
44.14, 2647.2116687127564
44.160000000000004, 2645.7171324741794
44.18, 2644.228387238458
44.2, 2642.745410587144
44.22, 2641.2681801016442
44.24, 2639.796673364559
44.26, 2638.3308679588663
44.28, 2636.8707414694945
44.300000000000004, 2635.416271482449
44.32, 2633.967435584578
44.34, 2632.524211366108
44.36, 2631.086576419184
44.38, 2629.6545083368837
44.4, 2628.2279847173486
44.42, 2626.80698315904
44.44, 2625.391481266066
44.46, 2623.9814566446585
44.480000000000004, 2622.5768869039603
44.5, 2621.1777496585273
44.52, 2619.7840225265245
44.54, 2618.395683129289
44.56, 2617.0127090940077
44.58, 2615.6350780528446
44.6, 2614.262767642067
44.62, 2612.8957555046654
44.64, 2611.53401928689
44.660000000000004, 2610.177536642819
44.68, 2608.826285232237
44.7, 2607.480242719903
44.72, 2606.1393867785227
44.74, 2604.8036950865644
44.76, 2603.473145329568
44.78, 2602.147715200874
44.800000000000004, 2600.8273824002536
44.82, 2599.512124636327
44.84, 2598.2019196238252
44.86, 2596.8967450877826
44.88, 2595.5965787597524
44.9, 2594.301398380223
44.92, 2593.011181699432
44.94, 2591.7259064750397
44.96, 2590.445550475735
44.980000000000004, 2589.170091478154
45.0, 2587.8995072690013
45.02, 2586.633775645343
45.04, 2585.3728744140826
45.06, 2584.116781392717
45.08, 2582.865474408667
45.1, 2581.6189313013165
45.12, 2580.3771299194486
45.14, 2579.140048125002
45.160000000000004, 2577.9076637898397
45.18, 2576.67995479799
45.2, 2575.4568990461703
45.22, 2574.238474442129
45.24, 2573.0246589062153
45.26, 2571.8154303718766
45.28, 2570.610766784812
45.300000000000004, 2569.410646104283
45.32, 2568.2150463021244
45.34, 2567.0239453643735
45.36, 2565.837321290135
45.38, 2564.655152091931
45.4, 2563.477415797999
45.42, 2562.3040904495574
45.44, 2561.1351541024633
45.46, 2559.970584827912
45.480000000000004, 2558.8103607115627
45.5, 2557.654459854064
45.52, 2556.5028603718383
45.54, 2555.355540397548
45.56, 2554.212478077534
45.58, 2553.0736515766766
45.6, 2551.9390390749613
45.62, 2550.8086187676236
45.64, 2549.6823688693403
45.660000000000004, 2548.560267608729
45.68, 2547.442293233209
45.7, 2546.3284240069333
45.72, 2545.218638211314
45.74, 2544.112914146128
45.76, 2543.0112301280024
45.78, 2541.913564492832
45.800000000000004, 2540.8198955940315
45.82, 2539.7302018036717
45.84, 2538.6444615130895
45.86, 2537.562653130997
45.88, 2536.484755087091
45.9, 2535.4107458290528
45.92, 2534.340603825025
45.94, 2533.27430756166
45.96, 2532.2118355466228
45.980000000000004, 2531.153166307631
46.0, 2530.0982783918444
46.02, 2529.04715036822
46.04, 2527.9997608244594
46.06, 2526.9560883709637
46.08, 2525.91611163973
46.1, 2524.8798092817888
46.12, 2523.8471599713084
46.14, 2522.8181424033246
46.160000000000004, 2521.7927352959523
46.18, 2520.770917387854
46.2, 2519.752667441382
46.22, 2518.7379642403976
46.24, 2517.726786591491
46.26, 2516.71911332506
46.28, 2515.7149232935917
46.300000000000004, 2514.714195372624
46.32, 2513.7169084617053
46.34, 2512.723041483987
46.36, 2511.732573386864
46.38, 2510.7454831411305
46.4, 2509.7617497403407
46.42, 2508.781352206919
46.44, 2507.804269581189
46.46, 2506.8304809351685
46.480000000000004, 2505.859965360287
46.5, 2504.892701977107
46.52, 2503.928669928573
46.54, 2502.9678483852767
46.56, 2502.010216541501
46.58, 2501.05575361941
46.6, 2500.1044388656737
46.62, 2499.1562515540863
46.64, 2498.2111709845776
46.660000000000004, 2497.2691764837946
46.68, 2496.3302474042575
46.7, 2495.3943631279108
46.72, 2494.4615030596906
46.74, 2493.5316466365184
46.76, 2492.6047733197047
46.78, 2491.680862599431
46.800000000000004, 2490.7598939930613
46.82, 2489.841847046686
46.84, 2488.926701333694
46.86, 2488.01443645751
46.88, 2487.1050320485665
46.9, 2486.1984677669825
46.92, 2485.2947233011655
46.94, 2484.3937783687434
46.96, 2483.495612716564
46.980000000000004, 2482.600206121191
47.0, 2481.707538388524
47.02, 2480.8175893550797
47.04, 2479.9303388856933
47.06, 2479.0457668770687
47.08, 2478.163853254722
47.1, 2477.284577976039
47.12, 2476.4079210274795
47.14, 2475.5338624276337
47.160000000000004, 2474.6623822259717
47.18, 2473.793460502202
47.2, 2472.9270773677563
47.22, 2472.0632129665173
47.24, 2471.2018474726647
47.26, 2470.3429610918392
47.28, 2469.486534064199
47.300000000000004, 2468.632546659035
47.32, 2467.7809791793698
47.34, 2466.9318119614327
47.36, 2466.085025372333
47.38, 2465.2405998136674
47.4, 2464.3985157187562
47.42, 2463.558753554331
47.44, 2462.7212938201264
47.46, 2461.886117051239
47.480000000000004, 2461.0532038139354
47.5, 2460.2225347091735
47.52, 2459.394090371992
47.54, 2458.56785147154
47.56, 2457.743798710726
47.58, 2456.921912827587
47.6, 2456.1021745933976
47.62, 2455.28456481616
47.64, 2454.4690643366484
47.660000000000004, 2453.6556540323654
47.68, 2452.8443148149818
47.7, 2452.0350276319077
47.72, 2451.2277734650997
47.74, 2450.422533333651
47.76, 2449.6192882919277
47.78, 2448.818019429629
47.800000000000004, 2448.0187078729214
47.82, 2447.2213347848156
47.84, 2446.425881363277
47.86, 2445.6323288443964
47.88, 2444.8406584995973
47.9, 2444.050851638487
47.92, 2443.262889606587
47.94, 2442.4767537868465
47.96, 2441.692425599962
47.980000000000004, 2440.9098865036212
48.0, 2440.1291179930267
48.02, 2439.350101601187
48.04, 2438.572818898887
48.06, 2437.7972514960857
48.08, 2437.023381038569
48.1, 2436.251189212082
48.12, 2435.4806577414856
48.14, 2434.7117683880497
48.160000000000004, 2433.944502953236
48.18, 2433.178843277856
48.2, 2432.4147712399426
48.22, 2431.6522687582474
48.24, 2430.89131778953
48.26, 2430.131900332257
48.28, 2429.3739984221756
48.300000000000004, 2428.6175941349647
48.32, 2427.862669587572
48.34, 2427.109206935158
48.36, 2426.357188374648
48.38, 2425.6065961420536
48.4, 2424.8574125150044
48.42, 2424.1096198097803
48.44, 2423.3632003848907
48.46, 2422.6181366392702
48.480000000000004, 2421.874411012366
48.5, 2421.1320059853315
48.52, 2420.390904080821
48.54, 2419.651087860344
48.56, 2418.91253993017
48.58, 2418.1752429367334
48.6, 2417.4391795666306
48.62, 2416.7043325518025
48.64, 2415.9706846633635
48.660000000000004, 2415.238218714978
48.68, 2414.5069175635
48.7, 2413.776764106704
48.72, 2413.0477412870387
48.74, 2412.319832087669
48.76, 2411.5930195348337
48.78, 2410.8672866987763
48.800000000000004, 2410.1426166901947
48.82, 2409.418992666411
48.84, 2408.696397825319
48.86, 2407.9748154093104
48.88, 2407.2542287032993
48.9, 2406.5346210369025
48.92, 2405.815975783742
48.94, 2405.098276359844
48.96, 2404.381506225822
48.980000000000004, 2403.6656488871668
49.0, 2402.950687892997
49.02, 2402.236606835795
49.04, 2401.5233893544937
49.06, 2400.8110191312735
49.08, 2400.0994798931642
49.1, 2399.3887554114917
49.12, 2398.6788295042934
49.14, 2397.969686032535
49.160000000000004, 2397.261308903573
49.18, 2396.553682070429
49.2, 2395.8467895296344
49.22, 2395.1406153249263
49.24, 2394.435143545503
49.26, 2393.730358325527
49.28, 2393.026243845292
49.300000000000004, 2392.3227843311324
49.32, 2391.6199640560662
49.34, 2390.917767337407
49.36, 2390.2161785409844
49.38, 2389.5151820783794
49.4, 2388.814762406284
49.42, 2388.114904029353
49.44, 2387.415591498866
49.46, 2386.716809412668
49.480000000000004, 2386.018542415288
49.5, 2385.320775198663
49.52, 2384.6234925022873
49.54, 2383.926679111755
49.56, 2383.2303198610607
49.58, 2382.534399630269
49.6, 2381.8389033488347
49.62, 2381.1438159931276
49.64, 2380.4491225868114
49.660000000000004, 2379.754808201862
49.68, 2379.060857958335
49.7, 2378.367257024045
49.72, 2377.6739906145667
49.74, 2376.9810439944267
49.76, 2376.288402477134
49.78, 2375.5960514235776
49.800000000000004, 2374.9039762427856
49.82, 2374.2121623940475
49.84, 2373.5205953836557
49.86, 2372.8292607688054
49.88, 2372.138144153432
49.9, 2371.447231192549
49.92, 2370.7565075888997
49.94, 2370.06595909482
49.96, 2369.375571512588
49.980000000000004, 2368.6853306923585
50.0, 2367.9952225364686
50.02, 2367.305232993298
50.04, 2366.6153480648645
50.06, 2365.9255538000725
50.08, 2365.235836297885
50.1, 2364.5461817097093
50.12, 2363.856576234364
50.14, 2363.16700612189
50.160000000000004, 2362.4774576729396
50.18, 2361.7879172370594
50.2, 2361.0983712153975
50.22, 2360.408806060703
50.24, 2359.719208273833
50.26, 2359.029564408207
50.28, 2358.3398610666336
50.300000000000004, 2357.6500849037548
50.32, 2356.96022262529
50.34, 2356.2702609876287
50.36, 2355.5801867975388
50.38, 2354.8899869136512
50.4, 2354.1996482462273
50.42, 2353.5091577572457
50.44, 2352.81850245822
50.46, 2352.127669414156
50.480000000000004, 2351.4366457402066
50.5, 2350.745418604085
50.52, 2350.0539752247278
50.54, 2349.3623028741567
50.56, 2348.67038887518
50.58, 2347.978220601479
50.6, 2347.2857854813046
50.62, 2346.593070993811
50.64, 2345.900064669986
50.660000000000004, 2345.206754093495
50.68, 2344.5131269006815
50.7, 2343.8191707801598
50.72, 2343.1248734725523
50.74, 2342.4302227716253
50.76, 2341.735206524143
50.78, 2341.0398126281216
50.800000000000004, 2340.3440290371072
50.82, 2339.647843753657
50.84, 2338.9512448369933
50.86, 2338.2542203969206
50.88, 2337.5567585979297
50.9, 2336.858847656491
50.92, 2336.1604758431495
50.94, 2335.461631480517
50.96, 2334.762302946794
50.980000000000004, 2334.0624786711414
51.0, 2333.3621471377846
51.02, 2332.661296883831
51.04, 2331.9599165002874
51.06, 2331.2579946318874
51.08, 2330.555519976915
51.1, 2329.8524812877004
51.12, 2329.1488673696877
51.14, 2328.444667084201
51.160000000000004, 2327.7398693441646
51.18, 2327.0344631190237
51.2, 2326.3284374294744
51.22, 2325.6217813534604
51.24, 2324.9144840200315
51.26, 2324.2065346158342
51.28, 2323.497922379087
51.300000000000004, 2322.7886366038583
51.32, 2322.078666639485
51.34, 2321.3680018874293
51.36, 2320.6566318063415
51.38, 2319.9445459081326
51.4, 2319.2317337582645
51.42, 2318.5181849800283
51.44, 2317.803889248782
51.46, 2317.0888362967235
51.480000000000004, 2316.373015909485
51.5, 2315.6564179288107
51.52, 2314.9390322499676
51.54, 2314.220848825469
51.56, 2313.5018576617877
51.58, 2312.7820488196157
51.6, 2312.061412416835
51.62, 2311.339938624704
51.64, 2310.6176176721056
51.660000000000004, 2309.894439841213
51.68, 2309.1703954705154
51.7, 2308.4454749538563
51.72, 2307.7196687406104
51.74, 2306.9929673364677
51.76, 2306.2653613018047
51.78, 2305.536841252033
51.800000000000004, 2304.807397860539
51.82, 2304.077021854173
51.84, 2303.3457040170033
51.86, 2302.613435188425
51.88, 2301.8802062637405
51.9, 2301.1460081940168
51.92, 2300.410831987305
51.94, 2299.6746687058476
51.96, 2298.9375094703573
51.980000000000004, 2298.1993454550975
52.0, 2297.4601678917825
52.02, 2296.719968068879
52.04, 2295.978737329744
52.06, 2295.236467074952
52.08, 2294.4931487617723
52.1, 2293.748773901956
52.12, 2293.003334064648
52.14, 2292.256820876675
52.160000000000004, 2291.509226019436
52.18, 2290.7605412316334
52.2, 2290.010758308781
52.22, 2289.2598691012827
52.24, 2288.50786551935
52.26, 2287.7547395261645
52.28, 2287.000483143318
52.300000000000004, 2286.245088450145
52.32, 2285.488547580637
52.34, 2284.7308527262066
52.36, 2283.971996135864
52.38, 2283.211970114644
52.4, 2282.450767023489
52.42, 2281.688379283063
52.44, 2280.924799367931
52.46, 2280.160019810777
52.480000000000004, 2279.3940332020575
52.5, 2278.626832187292
52.52, 2277.8584094705
52.54, 2277.088757812773
52.56, 2276.3178700304707
52.58, 2275.5457389993244
52.6, 2274.7723576507124
52.62, 2273.997718972969
52.64, 2273.2218160134216
52.660000000000004, 2272.4446418741136
52.68, 2271.6661897153535
52.7, 2270.886452755716
52.72, 2270.1054242691607
52.74, 2269.323097588611
52.76, 2268.539466101938
52.78, 2267.754523257201
52.800000000000004, 2266.968262556795
52.82, 2266.1806775627774
52.84, 2265.391761893872
52.86, 2264.6015092257003
52.88, 2263.809913290199
52.9, 2263.016967880394
52.92, 2262.222666842892
52.94, 2261.4270040830015
52.96, 2260.6299735644425
52.980000000000004, 2259.831569306407
53.0, 2259.0317853875167
53.02, 2258.230615943088
53.04, 2257.428055165161
53.06, 2256.6240973043023
53.08, 2255.818736668065
53.1, 2255.0119676222967
53.12, 2254.2037845887244
53.14, 2253.3941820486507
53.160000000000004, 2252.5831545397523
53.18, 2251.770696656313
53.2, 2250.9568030521623
53.22, 2250.1414684382326
53.24, 2249.324687582208
53.26, 2248.5064553089032
53.28, 2247.6867665022146
53.300000000000004, 2246.8656161036342
53.32, 2246.042999110825
53.34, 2245.2189105803845
53.36, 2244.3933456250234
53.38, 2243.566299416416
53.4, 2242.7377671839495
53.42, 2241.9077442128328
53.44, 2241.0762258488103
53.46, 2240.2432074925164
53.480000000000004, 2239.40868460387
53.5, 2238.57265269832
53.52, 2237.7351073522877
53.54, 2236.89604419659
53.56, 2236.0554589214153
53.58, 2235.213347274839
53.6, 2234.3697050605842
53.62, 2233.524528142065
53.64, 2232.6778124393313
53.660000000000004, 2231.8295539293904
53.68, 2230.979748648795
53.7, 2230.1283926896285
53.72, 2229.27548220256
53.74, 2228.421013395884
53.76, 2227.564982535696
53.78, 2226.7073859441152
53.800000000000004, 2225.8482200028375
53.82, 2224.9874811491754
53.84, 2224.125165879552
53.86, 2223.2612707481603
53.88, 2222.395792364201
53.9, 2221.528727396246
53.92, 2220.660072572442
53.94, 2219.7898246735276
53.96, 2218.9179805421736
53.980000000000004, 2218.0445370747766
54.0, 2217.1694912280363
54.02, 2216.292840014561
54.04, 2215.414580505807
54.06, 2214.5347098294005
54.08, 2213.653225170012
54.1, 2212.7701237704023
54.12, 2211.885402931628
54.14, 2210.9990600099554
54.160000000000004, 2210.1110924204404
54.18, 2209.2214976354444
54.2, 2208.330273182539
54.22, 2207.437416650704
54.24, 2206.5429256814823
54.26, 2205.6467979778827
54.28, 2204.7490312962036
54.300000000000004, 2203.8496234527847
54.32, 2202.948572318768
54.34, 2202.0458758253662
54.36, 2201.141531958885
54.38, 2200.2355387633434
54.4, 2199.3278943375917
54.42, 2198.418596842326
54.44, 2197.507644491212
54.46, 2196.5950355557434
54.480000000000004, 2195.6807683653897
54.5, 2194.7648413055285
54.52, 2193.8472528181446
54.54, 2192.9280014049727
54.56, 2192.007085620542
54.58, 2191.0845040787826
54.6, 2190.1602554493293
54.62, 2189.2343384588894
54.64, 2188.306751891185
54.660000000000004, 2187.3774945875048
54.68, 2186.446565442835
54.7, 2185.5139634117077
54.72, 2184.5796875042142
54.74, 2183.6437367871404
54.76, 2182.7061103830347
54.78, 2181.7668074718677
54.800000000000004, 2180.8258272898966
54.82, 2179.883169130975
54.84, 2178.9388323420426
54.86, 2177.9928163304867
54.88, 2177.045120555442
54.9, 2176.095744538121
54.92, 2175.1446878494753
54.94, 2174.191950122942
54.96, 2173.237531042192
54.980000000000004, 2172.2814303528867
55.0, 2171.3236478530453
55.02, 2170.364183395781
55.04, 2169.4030368933163
55.06, 2168.440208313783
55.08, 2167.475697677437
55.1, 2166.5095050641976
55.12, 2165.541630609776
55.14, 2164.572074502299
55.160000000000004, 2163.600836989557
55.18, 2162.6279183724546
55.2, 2161.6533190089685
55.22, 2160.677039311704
55.24, 2159.6990797486505
55.26, 2158.7194408463547
55.28, 2157.738123181858
55.300000000000004, 2156.755127391516
55.32, 2155.770454165264
55.34, 2154.784104249935
55.36, 2153.796078445448
55.38, 2152.8063776083
55.4, 2151.8150026497606
55.42, 2150.821954537125
55.44, 2149.827234292752
55.46, 2148.8308429907775
55.480000000000004, 2147.8327817646787
55.5, 2146.833051801863
55.52, 2145.831654341833
55.54, 2144.8285906823876
55.56, 2143.8238621732744
55.58, 2142.8174702212564
55.6, 2141.8094162864145
55.62, 2140.7997018836613
55.64, 2139.788328582188
55.660000000000004, 2138.775298006134
55.68, 2137.7606118345575
55.7, 2136.7442717992817
55.72, 2135.726279687631
55.74, 2134.706637340656
55.76, 2133.685346655053
55.78, 2132.662409579265
55.800000000000004, 2131.6378281161014
55.82, 2130.611604325619
55.84, 2129.583740317001
55.86, 2128.554238257464
55.88, 2127.523100364895
55.9, 2126.4903289123613
55.92, 2125.455926227005
55.94, 2124.419894689665
55.96, 2123.382236733072
55.980000000000004, 2122.342954844935
56.0, 2121.3020515663666
56.02, 2120.2595294901694
56.04, 2119.2153912650247
56.06, 2118.169639591011
56.08, 2117.1222772218753
56.1, 2116.073306964361
56.12, 2115.0227316782984
56.14, 2113.9705542755837
56.160000000000004, 2112.9167777225084
56.18, 2111.8614050375472
56.2, 2110.8044392919983
56.22, 2109.7458836081205
56.24, 2108.6857411641395
56.26, 2107.62401518767
56.28, 2106.5607089591795
56.300000000000004, 2105.495825814258
56.32, 2104.429369137273
56.34, 2103.3613423663483
56.36, 2102.2917489921674
56.38, 2101.22059255722
56.4, 2100.1478766544606
56.42, 2099.0736049311236
56.44, 2097.9977810843848
56.46, 2096.9204088639235
56.480000000000004, 2095.8414920722716
56.5, 2094.761034560157
56.52, 2093.679040232848
56.54, 2092.5955130476796
56.56, 2091.510457009106
56.58, 2090.423876176792
56.6, 2089.335774660867
56.62, 2088.2461566206184
56.64, 2087.1550262675155
56.660000000000004, 2086.062387866463
56.68, 2084.9682457282615
56.7, 2083.8726042170892
56.72, 2082.7754677498015
56.74, 2081.67684079014
56.76, 2080.5767278542335
56.78, 2079.4751335077162
56.800000000000004, 2078.372062368435
56.82, 2077.2675191028393
56.84, 2076.1615084266814
56.86, 2075.0540351076343
56.88, 2073.945103962469
56.9, 2072.8347198587726
56.92, 2071.722887711978
56.94, 2070.609612489352
56.96, 2069.494899206242
56.980000000000004, 2068.378752927587
57.0, 2067.2611787677743
57.02, 2066.1421818915987
57.04, 2065.0217675132444
57.06, 2063.8999408932577
57.08, 2062.7767073436116
57.1, 2061.6520722254936
57.12, 2060.526040946832
57.14, 2059.3986189669813
57.160000000000004, 2058.26981179032
57.18, 2057.1396249736135
57.2, 2056.00806411996
57.22, 2054.875134882255
57.24, 2053.7408429580682
57.26, 2052.6051940983743
57.28, 2051.4681940980663
57.300000000000004, 2050.3298488018045
57.32, 2049.19016410099
57.34, 2048.049145936675
57.36, 2046.9068002964777
57.38, 2045.7631332135643
57.4, 2044.6181507703732
57.42, 2043.4718590994016
57.44, 2042.324264375493
57.46, 2041.1753728240728
57.480000000000004, 2040.025190713408
57.5, 2038.8737243654323
57.52, 2037.7209801417193
57.54, 2036.5669644543086
57.56, 2035.4116837636684
57.58, 2034.2551445722347
57.6, 2033.097353431367
57.62, 2031.938316937274
57.64, 2030.7780417353788
57.660000000000004, 2029.6165345125773
57.68, 2028.4538020059117
57.7, 2027.2898509951774
57.72, 2026.1246883076965
57.74, 2024.9583208166005
57.76, 2023.7907554389676
57.78, 2022.62199913722
57.800000000000004, 2021.4520589203166
57.82, 2020.280941842444
57.84, 2019.1086550012988
57.86, 2017.9352055406198
57.88, 2016.7606006490823
57.9, 2015.584847557213
57.92, 2014.4079535455967
57.94, 2013.2299259340507
57.96, 2012.0507720900932
57.980000000000004, 2010.870499422308
58.0, 2009.6891153861652
58.02, 2008.506627479801
58.04, 2007.323043245502
58.06, 2006.1383702690946
58.08, 2004.9526161794201
58.1, 2003.7657886497618
58.120000000000005, 2002.577895397466
58.14, 2001.3889441801875
58.160000000000004, 2000.1989428003726
58.18, 1999.0078991045593
58.2, 1997.815820981661
58.22, 1996.6227163617732
58.24, 1995.4285932175699
58.26, 1994.233459567069
58.28, 1993.0373234676663
58.300000000000004, 1991.8401930206455
58.32, 1990.6420763668139
58.34, 1989.4429816928168
58.36, 1988.2429172249686
58.38, 1987.0418912300083
58.4, 1985.8399120185059
58.42, 1984.6369879424747
58.44, 1983.4331273935386
58.46, 1982.2283388044161
58.480000000000004, 1981.022630651103
58.5, 1979.8160114475177
58.52, 1978.6084897523979
58.54, 1977.4000741605123
58.56, 1976.1907733104308
58.58, 1974.9805958799843
58.6, 1973.7695505853335
58.620000000000005, 1972.557646186353
58.64, 1971.3448914806359
58.660000000000004, 1970.1312953064044
58.68, 1968.9168665406178
58.7, 1967.7016141002823
58.72, 1966.4855469422182
58.74, 1965.2686740627687
58.76, 1964.0510044943658
58.78, 1962.8325473128934
58.800000000000004, 1961.6133116299752
58.82, 1960.3933065986203
58.84, 1959.1725414063549
58.86, 1957.9510252840118
58.88, 1956.728767495806
58.9, 1955.5057773473964
58.92, 1954.2820641817234
58.94, 1953.057637378486
58.96, 1951.8325063567027
58.980000000000004, 1950.6066805717128
59.0, 1949.380169517215
59.02, 1948.1529827223567
59.04, 1946.925129756506
59.06, 1945.6966202213953
59.08, 1944.4674637602293
59.1, 1943.2376700504392
59.120000000000005, 1942.0072488059523
59.14, 1940.7762097794912
59.160000000000004, 1939.5445627545705
59.18, 1938.3123175571673
59.2, 1937.079484045098
59.22, 1935.8460721124138
59.24, 1934.612091690622
59.26, 1933.3775527444377
59.28, 1932.1424652753922
59.300000000000004, 1930.9068393180496
59.32, 1929.6706849471375
59.34, 1928.4340122644498
59.36, 1927.1968314134865
59.38, 1925.9591525678115
59.4, 1924.7209859383001
59.42, 1923.48234176595
59.44, 1922.2432303314563
59.46, 1921.00366194456
59.480000000000004, 1919.7636469507124
59.5, 1918.523195730464
59.52, 1917.2823186939931
59.54, 1916.0410262874211
59.56, 1914.7993289899896
59.58, 1913.557237312867
59.6, 1912.3147617991199
59.620000000000005, 1911.0719130270882
59.64, 1909.8287016062823
59.660000000000004, 1908.585138176888
59.68, 1907.341233413521
59.7, 1906.0969980215596
59.72, 1904.8524427382508
59.74, 1903.6075783320994
59.76, 1902.3624156043516
59.78, 1901.116965386056
59.800000000000004, 1899.8712385400722
59.82, 1898.6252459595562
59.84, 1897.378998570406
59.86, 1896.132507326547
59.88, 1894.8857832133654
59.9, 1893.6388372479414
59.92, 1892.391680474393
59.94, 1891.1443239691725
59.96, 1889.8967788379523
59.980000000000004, 1888.6490562156832
60.0, 1887.4011672657216
60.02, 1886.1531231834088
60.04, 1884.9049351897847
60.06, 1883.6566145389224
60.08, 1882.4081725080032
60.1, 1881.1596204076195
60.120000000000005, 1879.9109695750813
60.14, 1878.6622313740954
60.160000000000004, 1877.4134171990445
60.18, 1876.1645384714939
60.2, 1874.9156066408614
60.22, 1873.6666331803135
60.24, 1872.4176295959332
60.26, 1871.168607417756
60.28, 1869.9195782020397
60.300000000000004, 1868.6705535351066
60.32, 1867.4215450255142
60.34, 1866.1725643132231
60.36, 1864.9236230585084
60.38, 1863.6747329523787
60.4, 1862.4259057101153
60.42, 1861.1771530721453
60.44, 1859.928486803925
60.46, 1858.679918697686
60.480000000000004, 1857.4314605701366
60.5, 1856.1831242634798
60.52, 1854.9349216427654
60.54, 1853.686864598858
60.56, 1852.4389650475641
60.58, 1851.1912349273916
60.6, 1849.9436862021685
60.620000000000005, 1848.6963308572886
60.64, 1847.4491809046885
60.660000000000004, 1846.2022483780165
60.68, 1844.9555453341163
60.7, 1843.7090838531149
60.72, 1842.4628760385094
60.74, 1841.216934014461
60.76, 1839.9712699303054
60.78, 1838.7258959558385
60.800000000000004, 1837.480824282422
60.82, 1836.2360671249044
60.84, 1834.991636719118
60.86, 1833.7475453219668
60.88, 1832.5038052120653
60.9, 1831.2604286876158
60.92, 1830.0174280704523
60.94, 1828.7748157000751
60.96, 1827.5326039399952
60.980000000000004, 1826.290805170196
61.0, 1825.0494317939738
61.02, 1823.8084962316498
61.04, 1822.5680109236564
61.06, 1821.327988333418
61.08, 1820.088440937834
61.1, 1818.8493812379602
61.120000000000005, 1817.6108217524306
61.14, 1816.3727750157996
61.160000000000004, 1815.13525358474
61.18, 1813.8982700303895
61.2, 1812.661836947169
61.22, 1811.4259669416933
61.24, 1810.1906726406887
61.26, 1808.9559666898276
61.28, 1807.7218617499457
61.300000000000004, 1806.4883704987005
61.32, 1805.2555056330166
61.34, 1804.0232798617508
61.36, 1802.791705916141
61.38, 1801.560796537553
61.4, 1800.3305644896755
61.42, 1799.101022545423
61.44, 1797.8721834989265
61.46, 1796.6440601547365
61.480000000000004, 1795.4166653367574
61.5, 1794.1900118798076
61.52, 1792.964112637157
61.54, 1791.738980474678
61.56, 1790.5146282719797
61.58, 1789.2910689246492
61.6, 1788.0683153402642
61.620000000000005, 1786.8463804389758
61.64, 1785.62527715927
61.660000000000004, 1784.4050184455991
61.68, 1783.1856172619446
61.7, 1781.9670865820663
61.72, 1780.74943939253
61.74, 1779.5326886906987
61.76, 1778.3168474886916
61.78, 1777.1019288106181
61.800000000000004, 1775.887945688737
61.82, 1774.6749111704703
61.84, 1773.4628383105446
61.86, 1772.251740180538
61.88, 1771.041629856656
61.9, 1769.8325204279681
61.92, 1768.6244249961455
61.94, 1767.4173566697573
61.96, 1766.2113285686646
61.980000000000004, 1765.0063538214308
62.0, 1763.8024455674167
62.02, 1762.5996169525897
62.04, 1761.3978811365087
62.06, 1760.1972512827779
62.08, 1758.9977405661193
62.1, 1757.799362167687
62.120000000000005, 1756.6021292783262
62.14, 1755.4060550954891
62.160000000000004, 1754.2111528265523
62.18, 1753.0174356819189
62.2, 1751.8249168846523
62.22, 1750.6336096576415
62.24, 1749.4435272389965
62.26, 1748.2546828644117
62.28, 1747.067089783086
62.300000000000004, 1745.8807612446835
62.32, 1744.695710510132
62.34, 1743.511950840184
62.36, 1742.3294955036254
62.38, 1741.1483577750041
62.4, 1739.9685509319825
62.42, 1738.7900882571994
62.44, 1737.6129830380087
62.46, 1736.4372485643253
62.480000000000004, 1735.2628981340968
62.5, 1734.0899450432917
62.52, 1732.9184025940485
62.54, 1731.7482840912708
62.56, 1730.5796028442564
62.58, 1729.4123721616343
62.6, 1728.2466053566604
62.620000000000005, 1727.0823157446575
62.64, 1725.9195166429854
62.660000000000004, 1724.7582213673159
62.68, 1723.5984432414407
62.7, 1722.4401955832727
62.72, 1721.2834917153232
62.74, 1720.1283449594048
62.76, 1718.974768639804
62.78, 1717.82277607976
62.800000000000004, 1716.6723806012305
62.82, 1715.5235955280368
62.84, 1714.3764341798378
62.86, 1713.2309098797268
62.88, 1712.0870359481487
62.9, 1710.9448257021431
62.92, 1709.8042924609326
62.94, 1708.6654495392868
62.96, 1707.5283102491812
62.980000000000004, 1706.3928879034356
63.0, 1705.2591958103003
63.02, 1704.1272472731944
63.04, 1702.9970555960317
63.06, 1701.8686340780696
63.08, 1700.7419960152765
63.1, 1699.617154697713
63.120000000000005, 1698.4941234141006
63.14, 1697.3729154459725
63.160000000000004, 1696.253544074454
63.18, 1695.1360225706594
63.2, 1694.020364203956
63.22, 1692.906582237949
63.24, 1691.7946899276285
63.26, 1690.6847005288873
63.28, 1689.5766272821347
63.300000000000004, 1688.4704834285367
63.32, 1687.3662822011684
63.34, 1686.2640368224238
63.36, 1685.16376051298
63.38, 1684.0654664800095
63.4, 1682.969167930336
63.42, 1681.874878054252
63.44, 1680.7826100406528
63.46, 1679.692377067433
63.480000000000004, 1678.6041923001176
63.5, 1677.5180689026602
63.52, 1676.4340200231818
63.54, 1675.3520588037209
63.56, 1674.2721983755764
63.58, 1673.1944518579403
63.6, 1672.1188323620881
63.620000000000005, 1671.0453529881488
63.64, 1669.9740268248715
63.660000000000004, 1668.9048669478507
63.68, 1667.8378864256665
63.7, 1666.7730983109795
63.72, 1665.7105156462349
63.74, 1664.6501514603442
63.76, 1663.5920187736047
63.78, 1662.5361305864935
63.800000000000004, 1661.4824998920958
63.82, 1660.4311396678968
63.84, 1659.3820628788671
63.86, 1658.3352824745525
63.88, 1657.2908113898593
63.9, 1656.248662547645
63.92, 1655.2088488556328
63.94, 1654.1713832002715
63.96, 1653.1362784626544
63.980000000000004, 1652.103547501727
64.0, 1651.073203161679
64.02000000000001, 1650.0452582713624
64.03999999999999, 1649.0197256417887
64.06, 1647.9966180699994
64.08, 1646.9759483321977
64.1, 1645.957729189453
64.12, 1644.9419733864197
64.14, 1643.9286936469725
64.16, 1642.9179026785423
64.18, 1641.9096131694096
64.2, 1640.9038377912075
64.22, 1639.9005891935667
64.24000000000001, 1638.899880006269
64.25999999999999, 1637.901722845476
64.28, 1636.9061302988557
64.30000000000001, 1635.913114942261
64.32, 1634.9226893251762
64.34, 1633.9348659774114
64.36, 1632.9496574115765
64.38, 1631.9670761140296
64.4, 1630.9871345507854
64.42, 1630.0098451681552
64.44, 1629.0352203887305
64.46000000000001, 1628.0632726110634
64.48, 1627.0940142150794
64.5, 1626.1274575541902
64.52000000000001, 1625.163614957739
64.53999999999999, 1624.202498734725
64.56, 1623.244121167576
64.58, 1622.2884945156984
64.6, 1621.3356310137897
64.62, 1620.3855428720126
64.64, 1619.4382422731724
64.66, 1618.4937413774314
64.68, 1617.5520523184387
64.7, 1616.6131872044061
64.72, 1615.6771581119392
64.74000000000001, 1614.7439771006466
64.75999999999999, 1613.8136561959982
64.78, 1612.8862073968921
64.80000000000001, 1611.9616426783905
64.82, 1611.0399739833665
64.84, 1610.1212132285582
64.86, 1609.205372302502
64.88, 1608.292463065969
64.9, 1607.3824973486771
64.92, 1606.4754869508615
64.94, 1605.5714436446142
64.96000000000001, 1604.6703791723412
64.98, 1603.7723052436777
65.0, 1602.8772335404065
65.02000000000001, 1601.985175711452
65.03999999999999, 1601.0961433778284
65.06, 1600.2101481219288
65.08, 1599.3272015043476
65.1, 1598.4473150453996
65.12, 1597.5705002362956
65.14, 1596.6967685354466
65.16, 1595.8261313665134
65.18, 1594.9586001236166
65.2, 1594.0941861621977
65.22, 1593.2329008077795
65.24000000000001, 1592.3747553510766
65.25999999999999, 1591.5197610457544
65.28, 1590.6679291121545
65.30000000000001, 1589.8192707361304
65.32, 1588.9737970660208
65.34, 1588.1315192160837
65.36, 1587.2924482644594
65.38, 1586.4565952506964
65.4, 1585.623971180641
65.42, 1584.7945870208787
65.44, 1583.9684537000721
65.46000000000001, 1583.1455821099225
65.48, 1582.3259831055184
65.5, 1581.509667501814
65.52000000000001, 1580.6966460736876
65.53999999999999, 1579.8869295618497
65.56, 1579.0805286641116
65.58, 1578.277454036841
65.6, 1577.477716301306
65.62, 1576.6813260338386
65.64, 1575.8882937710732
65.66, 1575.0986300128861
65.68, 1574.3123452120635
65.7, 1573.5294497839932
65.72, 1572.7499540987774
65.74000000000001, 1571.9738684881886
65.75999999999999, 1571.2012032381317
65.78, 1570.4319685913506
65.80000000000001, 1569.6661747506005
65.82, 1568.9038318700332
65.84, 1568.1449500675953
65.86, 1567.3895394087886
65.88, 1566.6376099194167
65.9, 1565.8891715777572
65.92, 1565.1442343206727
65.94, 1564.4028080338903
65.96000000000001, 1563.664902561315
65.98, 1562.9305277021485
66.0, 1562.1996932037
66.02000000000001, 1561.4724087697105
66.03999999999999, 1560.7486840563943
66.06, 1560.0285286710423
66.08, 1559.3119521783665
66.1, 1558.5989640869084
66.12, 1557.8895738603314
66.14, 1557.1837909144233
66.16, 1556.4816246170376
66.18, 1555.7830842802068
66.2, 1555.0881791739666
66.22, 1554.396918510407
66.24000000000001, 1553.7093114577
66.25999999999999, 1553.025367129856
66.28, 1552.3450945881777
66.30000000000001, 1551.668502845394
66.32, 1550.9956008634472
66.34, 1550.3263975455775
66.36, 1549.6609017490118
66.38, 1548.9991222739918
66.4, 1548.3410678698565
66.42, 1547.6867472301237
66.44, 1547.0361689975543
66.46000000000001, 1546.3893417571671
66.48, 1545.7462740403134
66.5, 1545.1069743225235
66.52000000000001, 1544.4714510278427
66.53999999999999, 1543.839712519024
66.56, 1543.2117671082087
66.58, 1542.5876230451395
66.6, 1541.9672885288892
66.62, 1541.3507716938911
66.64, 1540.7380806274596
66.66, 1540.12922335029
66.68, 1539.524207827897
66.7, 1538.923041967937
66.72, 1538.3257336179668
66.74000000000001, 1537.7322905676847
66.75999999999999, 1537.1427205434302
66.78, 1536.5570312181662
66.80000000000001, 1535.9752301991684
66.82, 1535.3973250348063
66.84, 1534.823323213408
66.86, 1534.2532321588078
66.88, 1533.6870592364867
66.9, 1533.12481175008
66.92, 1532.5664969379432
66.94, 1532.0121219766734
66.96000000000001, 1531.4616939795087
66.98, 1530.9152199972013
67.0, 1530.3727070177556
67.02000000000001, 1529.8341619615676
67.03999999999999, 1529.2995916867221
67.06, 1528.7690029874211
67.08, 1528.2424025867658
67.1, 1527.7197971513378
67.12, 1527.2011932722817
67.14, 1526.6865974839602
67.16, 1526.1760162427381
67.18, 1525.6694559493626
67.2, 1525.1669229278632
67.22, 1524.6684234410932
67.24000000000001, 1524.1739636776329
67.25999999999999, 1523.683549763111
67.28, 1523.197187752783
67.30000000000001, 1522.7148836271372
67.32, 1522.2366433051357
67.34, 1521.762472629489
67.36, 1521.2923773771618
67.38, 1520.8263632523594
67.4, 1520.3644358844613
67.42, 1519.9066008356167
67.44, 1519.4528635983588
67.46000000000001, 1519.0032295855926
67.48, 1518.5577041434299
67.5, 1518.1162925440003
67.52000000000001, 1517.6789999850153
67.53999999999999, 1517.2458315899712
67.56, 1516.8167924061418
67.58, 1516.3918874156661
67.6, 1515.971121513081
67.62, 1515.5544995245582
67.64, 1515.1420262012398
67.66, 1514.7337062168808
67.68, 1514.3295441691298
67.7, 1513.929544576822
67.72, 1513.5337118820753
67.74000000000001, 1513.1420504553535
67.75999999999999, 1512.7545645798673
67.78, 1512.3712584665918
67.80000000000001, 1511.9921362480382
67.82, 1511.6172019730438
67.84, 1511.2464596139325
67.86, 1510.8799130675907
67.88, 1510.5175661411195
67.9, 1510.1594225689478
67.92, 1509.8054860015109
67.94, 1509.4557600087428
67.96000000000001, 1509.1102480753616
67.98, 1508.7689536090184
68.0, 1508.4318799344182
68.02000000000001, 1508.0990302875289
68.03999999999999, 1507.770407828677
68.06, 1507.4460156287241
68.08, 1507.1258566779434
68.1, 1506.809933880635
68.12, 1506.498250056
68.14, 1506.1908079399145
68.16, 1505.8876101783535
68.18, 1505.5886593373143
68.2, 1505.2939578916412
68.22, 1505.0035082310496
68.24000000000001, 1504.7173126592534
68.25999999999999, 1504.4353733892494
68.28, 1504.1576925484987
68.30000000000001, 1503.8842721765977
68.32, 1503.6151142237068
68.34, 1503.3502205467375
68.36, 1503.0895929217513
68.38, 1502.8332330276899
68.4, 1502.5811424530984
68.42, 1502.333322701248
68.44, 1502.0897751794837
68.46000000000001, 1501.8505012039095
68.48, 1501.6155020046863
68.5, 1501.3847787093546
68.52000000000001, 1501.1583323604427
68.53999999999999, 1500.9361639064446
68.56, 1500.7182741992874
68.58, 1500.5046639971551
68.6, 1500.2953339703963
68.62, 1500.0902846850804
68.64, 1499.8895166185685
68.66, 1499.6930301495595
68.68, 1499.5008255632129
68.7, 1499.3129030476557
68.72, 1499.1292626908398
68.74000000000001, 1498.9499044905242
68.75999999999999, 1498.7748283387045
68.78, 1498.6040340374748
68.80000000000001, 1498.437521283544
68.82, 1498.2752896781312
68.84, 1498.1173387242015
68.86, 1497.9636678230308
68.88, 1497.8142762761854
68.9, 1497.6691632862494
68.92, 1497.5283279541763
68.94, 1497.391769277834
68.96000000000001, 1497.2594861558464
68.98, 1497.1314773868362
69.0, 1497.0077416597633
69.02000000000001, 1496.8882775678067
69.03999999999999, 1496.773083595006
69.06, 1496.662158127816
69.08, 1496.5554994438717
69.1, 1496.4531057182758
69.12, 1496.3549750226084
69.14, 1496.2611053187866
69.16, 1496.1714944616542
69.18, 1496.0861402094306
69.2, 1496.0050402058405
69.22, 1495.928191988758
69.24000000000001, 1495.8555929889553
69.25999999999999, 1495.787240529171
69.28, 1495.7231318253325
69.30000000000001, 1495.6632639844902
69.32, 1495.6076339978608
69.34, 1495.5562387600658
69.36, 1495.509075045382
69.38, 1495.46613951787
69.4, 1495.42742873705
69.42, 1495.3929391455604
69.44, 1495.3626670793165
69.46000000000001, 1495.3366087551403
69.48, 1495.314760283276
69.5, 1495.2971176587162
69.52000000000001, 1495.2836767642293
69.53999999999999, 1495.274433366838
69.56, 1495.269383121602
69.58, 1495.2685215660022
69.6, 1495.2718441236066
69.62, 1495.2793461047986
69.64, 1495.2910227009852
69.66, 1495.306868987158
69.68, 1495.3268799264042
69.7, 1495.351050357247
69.72, 1495.379375004908
69.74000000000001, 1495.4118484749633
69.75999999999999, 1495.448465253663
69.78, 1495.4892197118897
69.80000000000001, 1495.5341060983192
69.82, 1495.5831185428542
69.84, 1495.6362510541803
69.86, 1495.6934975174954
69.88, 1495.754851704929
69.9, 1495.8203072547622
69.92, 1495.8898576989013
69.94, 1495.9634964323195
69.96000000000001, 1496.0412167344184
69.98, 1496.123011759977
70.0, 1496.208874541684
70.02000000000001, 1496.2987979820464
70.03999999999999, 1496.3927748669812
70.06, 1496.49079785106
70.08, 1496.5928594650468
70.1, 1496.69895211517
70.12, 1496.8090680799505
70.14, 1496.9231995123846
70.16, 1497.0413384361018
70.18, 1497.1634767459473
70.2, 1497.289606212289
70.22, 1497.4197184749937
70.24000000000001, 1497.5538050462492
70.25999999999999, 1497.6918573034636
70.28, 1497.8338665015472
70.30000000000001, 1497.9798237576033
70.32, 1498.129720064724
70.34, 1498.2835462794465
70.36, 1498.441293130949
70.38, 1498.602951210807
70.4, 1498.768510980677
70.42, 1498.9379627708695
70.44, 1499.1112967761292
70.46000000000001, 1499.2885030581092
70.48, 1499.4695715401904
70.5, 1499.6544920147571
70.52000000000001, 1499.8432541400834
70.53999999999999, 1500.0358474373352
70.56, 1500.2322612862336
70.58, 1500.4324849352997
70.6, 1500.6365074978676
70.62, 1500.8443179400347
70.64, 1501.055905100191
70.66, 1501.2712576736812
70.68, 1501.4903642158315
70.7, 1501.7132131431717
70.72, 1501.9397927344835
70.74000000000001, 1502.17009112495
70.75999999999999, 1502.404096309503
70.78, 1502.641796144424
70.80000000000001, 1502.8831783401256
70.82, 1503.1282304690685
70.84, 1503.3769399579032
70.86, 1503.629294089449
70.88, 1503.8852800057794
70.9, 1504.144884703972
70.92, 1504.4080950349744
70.94, 1504.6748977055831
70.96000000000001, 1504.9452792795491
70.98, 1505.2192261701275
71.0, 1505.496724644967
71.02000000000001, 1505.7777608289907
71.03999999999999, 1506.062320695608
71.06, 1506.3503900727956
71.08, 1506.6419546368707
71.1, 1506.9369999207265
71.12, 1507.2355113025696
71.14, 1507.5374740130792
71.16, 1507.8428731324384
71.18, 1508.1516935945838
71.2, 1508.4639201750397
71.22, 1508.779537501483
71.24000000000001, 1509.0985300505417
71.25999999999999, 1509.4208821429056
71.28, 1509.7465779502236
71.30000000000001, 1510.0756014862563
71.32, 1510.407936614618
71.34, 1510.7435670448758
71.36, 1511.082476326701
71.38, 1511.4246478576679
71.4, 1511.7700648826722
71.42, 1512.1187104833662
71.44, 1512.4705675907899
71.46000000000001, 1512.8256189724198
71.48, 1513.183847243985
71.5, 1513.545234864141
71.52000000000001, 1513.9097641225962
71.53999999999999, 1514.277417162666
71.56, 1514.6481759567396
71.58, 1515.0220223235083
71.6, 1515.3989379221748
71.62, 1515.7789042445365
71.64, 1516.1619026251137
71.66, 1516.5479142382683
71.68, 1516.9369200901128
71.7, 1517.328901029221
71.72, 1517.7238377363246
71.74000000000001, 1518.1217107295524
71.75999999999999, 1518.522500363033
71.78, 1518.9261868275644
71.80000000000001, 1519.332750143396
71.82, 1519.7421701708518
71.84, 1520.1544266000274
71.86, 1520.5694989534095
71.88, 1520.987366588175
71.9, 1521.4080086950562
71.92, 1521.8314042896673
71.94, 1522.2575322238845
71.96000000000001, 1522.6863711846818
71.98, 1523.1178996798699
72.0, 1523.5520960502035
72.02000000000001, 1523.9889384664712
72.03999999999999, 1524.4284049308335
72.06, 1524.870473263989
72.08, 1525.3151211255754
72.1, 1525.7623259997927
72.12, 1526.2120651888836
72.14, 1526.6643158346124
72.16, 1527.119054890558
72.18, 1527.5762591452221
72.2, 1528.0359052094864
72.22, 1528.4979695168731
72.24000000000001, 1528.9624283228477
72.25999999999999, 1529.4292577117158
72.28, 1529.898433588096
72.30000000000001, 1530.3699316740676
72.32, 1530.843727516738
72.34, 1531.3197964890278
72.36, 1531.7981137757306
72.38, 1532.2786543901311
72.4, 1532.7613931580854
72.42, 1533.2463047291385
72.44, 1533.7333635695977
72.46000000000001, 1534.2225439647154
72.48, 1534.713820017234
72.5, 1535.2071656456974
72.52000000000001, 1535.702554585383
72.53999999999999, 1536.1999603917357
72.56, 1536.6993564309378
72.58, 1537.200715883635
72.6, 1537.704011752212
72.62, 1538.2092168431263
72.64, 1538.7163037862047
72.66, 1539.2252450145897
72.68, 1539.7360127822321
72.7, 1540.2485791528306
72.72, 1540.7629159968928
72.74000000000001, 1541.2789950029983
72.75999999999999, 1541.7967876660114
72.78, 1542.3162652910396
72.80000000000001, 1542.8373989936954
72.82, 1543.3601596964581
72.84, 1543.8845181349025
72.86, 1544.4104448460566
72.88, 1544.9379101807135
72.9, 1545.4668842935644
72.92, 1545.997337141307
72.94, 1546.5292384944041
72.96000000000001, 1547.0625579255284
72.98, 1547.597264809825
73.0, 1548.1333283302665
73.02000000000001, 1548.6707174710464
73.03999999999999, 1549.209401021595
73.06, 1549.7493475717783
73.08, 1550.2905255145452
73.1, 1550.8329030474415
73.12, 1551.3764481659164
73.14, 1551.9211286635837
73.16, 1552.4669121392653
73.18, 1553.0137659902393
73.2, 1553.5616574136657
73.22, 1554.1105534003
73.24000000000001, 1554.660420741944
73.25999999999999, 1555.2112260317663
73.28, 1555.762935654493
73.30000000000001, 1556.3155157938309
73.32, 1556.8689324273146
73.34, 1557.4231513306731
73.36, 1557.9781380739587
73.38, 1558.5338580176176
73.4, 1559.090276322997
73.42, 1559.6473579358717
73.44, 1560.2050676055078
73.46000000000001, 1560.7633698623395
73.48, 1561.3222290370031
73.5, 1561.8816092464258
73.52000000000001, 1562.4414744008682
73.53999999999999, 1563.0017881958338
73.56, 1563.5625141239143
73.58, 1564.1236154602375
73.6, 1564.6850552712858
73.62, 1565.2467964146344
73.64, 1565.808801526291
73.66, 1566.3710330404574
73.68, 1566.9334531657805
73.7, 1567.4960239052598
73.72, 1568.0587070455658
73.74000000000001, 1568.6214641559927
73.75999999999999, 1569.184256592067
73.78, 1569.7470454908034
73.80000000000001, 1570.3097917729174
73.82, 1570.8724561432027
73.84, 1571.4349990911433
73.86, 1571.9973808788927
73.88, 1572.5595615541388
73.9, 1573.1215009496955
73.92, 1573.6831586701155
73.94, 1574.2444941065623
73.96000000000001, 1574.8054664250521
73.98, 1575.3660345707613
74.0, 1575.9261572618852
74.02, 1576.4857930005528
74.04, 1577.0449000646768
74.06, 1577.6034365050436
74.08, 1578.161360148486
74.1, 1578.718628597766
74.12, 1579.2751992316917
74.14, 1579.8310291970265
74.16, 1580.3860754210327
74.18, 1580.9402945993352
74.2, 1581.4936432018294
74.22, 1582.0460774672392
74.24, 1582.5975534075696
74.26, 1583.1480268061277
74.28, 1583.6974532150198
74.3, 1584.24578795259
74.32000000000001, 1584.7929861142766
74.34, 1585.3390025560802
74.36, 1585.8837919035868
74.38, 1586.427308548009
74.4, 1586.969506655878
74.42, 1587.5103401506785
74.44, 1588.049762723036
74.46000000000001, 1588.587727830134
74.48, 1589.1241886932112
74.5, 1589.6590983007627
74.52, 1590.1924093928246
74.54, 1590.724074490543
74.56, 1591.254045858339
74.58, 1591.7822755377274
74.6, 1592.3087153205997
74.62, 1592.8333167656674
74.64, 1593.3560311885958
74.66, 1593.8768096618296
74.68, 1594.3956030243426
74.7, 1594.912361863826
74.72, 1595.427036539506
74.74, 1595.9395771476266
74.76, 1596.4499335604778
74.78, 1596.958055394236
74.8, 1597.4638920266589
74.82000000000001, 1597.967392583174
74.84, 1598.468505952449
74.86, 1598.9671807701525
74.88, 1599.4633654319914
74.9, 1599.9570080775302
74.92, 1600.4480566008133
74.94, 1600.9364586533047
74.96000000000001, 1601.4221616337018
74.98, 1601.9051126840932
75.0, 1602.3852587082365
75.02, 1602.862546350807
75.04, 1603.3369220086897
75.06, 1603.8083318257413
75.08, 1604.276721691218
75.1, 1604.7420372441993
75.12, 1605.2042238679423
75.14, 1605.6632266932575
75.16, 1606.1189905951906
75.18, 1606.571460192994
75.2, 1607.0205798525421
75.22, 1607.466293675796
75.24, 1607.9085455147142
75.26, 1608.3472789601947
75.28, 1608.782437346963
75.3, 1609.2139637494402
75.32000000000001, 1609.6418009808112
75.34, 1610.0658916005923
75.36, 1610.4861778955674
75.38, 1610.9026019037701
75.4, 1611.3151053954498
75.42, 1611.7236298795906
75.44, 1612.1281165982364
75.46000000000001, 1612.5285065374337
75.48, 1612.924740414106
75.5, 1613.3167586816126
75.52, 1613.7045015236654
75.54, 1614.0879088667862
75.56, 1614.4669203639787
75.58, 1614.84147540314
75.6, 1615.2115131035098
75.62, 1615.5769723177655
75.64, 1615.937791632081
75.66, 1616.2939093566965
75.68, 1616.6452635339228
75.7, 1616.991791941633
75.72, 1617.3334320772847
75.74, 1617.6701211700565
75.76, 1618.0017961800331
75.78, 1618.3283937890374
75.8, 1618.6498504107876
75.82000000000001, 1618.9661021796928
75.84, 1619.2770849561493
75.86, 1619.5827343305282
75.88, 1619.8829856073135
75.9, 1620.1777738268138
75.92, 1620.467033737892
75.94, 1620.7506998208119
75.96000000000001, 1621.028706283978
75.98, 1621.3009870399546
76.0, 1621.5674757327652
76.02, 1621.8281057243585
76.04, 1622.0828100936487
76.06, 1622.3315216419287
76.08, 1622.5741728844878
76.1, 1622.8106960609148
76.12, 1623.041023117723
76.14, 1623.2650857211847
76.16, 1623.4828152595146
76.18, 1623.6941428283171
76.2, 1623.8989992406277
76.22, 1624.097315021383
76.24, 1624.289020409371
76.26, 1624.4740453639533
76.28, 1624.6523195429181
76.3, 1624.823772323114
76.32000000000001, 1624.988332792389
76.34, 1625.1459297433612
76.36, 1625.2964916866913
76.38, 1625.4399468305928
76.4, 1625.5762231055123
76.42, 1625.7052481391584
76.44, 1625.8269492709078
76.46000000000001, 1625.9412535410665
76.48, 1626.0480877057998
76.5, 1626.1473782166431
76.52, 1626.239051234821
76.54, 1626.3230326259218
76.56, 1626.3992479576555
76.58, 1626.467622498487
76.6, 1626.5280812224664
76.62, 1626.5805488031765
76.64, 1626.624949621386
76.66, 1626.6612077416503
76.68, 1626.6892469497398
76.7, 1626.7089907146874
76.72, 1626.7203622104425
76.74, 1626.7232843070233
76.76, 1626.717679574882
76.78, 1626.7034702794917
76.8, 1626.680578379135
76.82000000000001, 1626.6489255263295
76.84, 1626.6084330820304
76.86, 1626.5590220823651
76.88, 1626.5006132697454
76.9, 1626.4331270749099
76.92, 1626.356483621872
76.94, 1626.2706027281529
76.96000000000001, 1626.17540389669
76.98, 1626.0708063259954
77.0, 1625.9567289027036
77.02, 1625.8330902019225
77.04, 1625.699808490288
77.06, 1625.5568017152837
77.08, 1625.4039875239832
77.1, 1625.2412832374393
77.12, 1625.0686058663996
77.14, 1624.8858721114811
77.16, 1624.6929983569134
77.18, 1624.4899006644846
77.2, 1624.27649478917
77.22, 1624.0526961586438
77.24, 1623.818419894349
77.26, 1623.5735807885358
77.28, 1623.3180933196854
77.3, 1623.0518716424704
77.32000000000001, 1622.7748296028585
77.34, 1622.486880710756
77.36, 1622.1879381660256
77.38, 1621.8779148386675
77.4, 1621.5567232804024
77.42, 1621.224275715038
77.44, 1620.8804840489174
77.46000000000001, 1620.5252598599764
77.48, 1620.1585143969278
77.5, 1619.7801585906127
77.52, 1619.3901030378474
77.54, 1618.988258015219
77.56, 1618.5745334616222
77.58, 1618.1488389970618
77.6, 1617.7110839070228
77.62, 1617.261177148699
77.64, 1616.7990273491887
77.66, 1616.3245428008377
77.68, 1615.8376314699417
77.7, 1615.3382009891502
77.72, 1614.8261586533044
77.74, 1614.3014114258986
77.76, 1613.7638659395743
77.78, 1613.2134284853528
77.8, 1612.6500050268078
77.82000000000001, 1612.0735011853976
77.84, 1611.4838222461112
77.86, 1610.8808731576137
77.88, 1610.264558528026
77.9, 1609.6347826276906
77.92, 1608.9914493942924
77.94, 1608.3344624132442
77.96000000000001, 1607.6637249390478
77.98, 1606.979139875708
78.0, 1606.2806097972207
78.02, 1605.5680369179754
78.04, 1604.841323125991
78.06, 1604.1003699529974
78.08, 1603.3450785948953
78.1, 1602.5753498967679
78.12, 1601.7910843559075
78.14, 1600.9921821239404
78.16, 1600.1785430138407
78.18, 1599.3500664787716
78.2, 1598.5066516279476
78.22, 1597.6481972198235
78.24, 1596.7746016697492
78.26, 1595.8857630285784
78.28, 1594.9815790088323
78.3, 1594.0619469679368
78.32000000000001, 1593.1267639037687
78.34, 1592.1759264693537
78.36, 1591.2093309583724
78.38, 1590.2268733110977
78.4, 1589.2284491169557
78.42, 1588.2139536062896
78.44, 1587.1832816471288
78.46000000000001, 1586.1363277562195
78.48, 1585.0729860924184
78.5, 1583.9931504581764
78.52, 1582.8967142848996
78.54, 1581.7835706600454
78.56, 1580.6536122996185
78.58, 1579.506731560221
78.60000000000001, 1578.3428204407392
78.62, 1577.1617705724784
78.64, 1575.963473225478
78.66, 1574.74781930662
78.68, 1573.5146993578528
78.7, 1572.264003549033
78.72, 1570.9956216991122
78.74, 1569.709443243948
78.76, 1568.4053572632838
78.78, 1567.0832524691068
78.8, 1565.7430171886517
78.82000000000001, 1564.3845394017117
78.84, 1563.00770670388
78.86, 1561.6124063290772
78.88, 1560.1985251278675
78.9, 1558.7659495915286
78.92, 1557.3145658318826
78.94, 1555.8442595862434
78.96000000000001, 1554.3549162207637
78.98, 1552.8464207242941
79.0, 1551.3186577176966
79.02, 1549.771511438419
79.04, 1548.2048657414562
79.06, 1546.618604120682
79.08, 1545.012609677622
79.10000000000001, 1543.38676514267
79.12, 1541.7409528632124
79.14, 1540.0750548052602
79.16, 1538.3889525561244
79.18, 1536.6825273257855
79.2, 1534.9556599331554
79.22, 1533.2082308176905
79.24, 1531.4401200371503
79.26, 1529.6512072687037
79.28, 1527.8413717915537
79.3, 1526.0104925126943
79.32000000000001, 1524.158447945607
79.34, 1522.2851162185252
79.36, 1520.3903750738245
79.38, 1518.4741018590285
79.4, 1516.5361735424376
79.42, 1514.5764666914474
79.44, 1512.594857492455
79.46000000000001, 1510.5912217362202
79.48, 1508.565434820659
79.5, 1506.5173717505531
79.52, 1504.4469071465428
79.54, 1502.3539152212325
79.56, 1500.238269799389
79.58, 1498.0998443151184
79.60000000000001, 1495.9385118004866
79.62, 1493.754144890816
79.64, 1491.546615825122
79.66, 1489.3157964439597
79.68, 1487.0615581936727
79.7, 1484.7837721127726
79.72, 1482.4823088411358
79.74, 1480.1570386280364
79.76, 1477.807831307262
79.78, 1475.434556321241
79.8, 1473.0370826965664
79.82000000000001, 1470.615279072139
79.84, 1468.169013669918
79.86, 1465.6981543134316
79.88, 1463.202568413515
79.9, 1460.6821229821362
79.92, 1458.1366846233432
79.94, 1455.566119526542
79.96000000000001, 1452.9702934810193
79.98, 1450.349071855686
80.0, 1447.7023196224181
